USN,Name,Year,Semester,Section,Branch,CIA-1,CIA-2,CIA-3
1BG21AI001,Student1,1st Year,1th Sem,A,AI,92,91,74
1BG21AI002,Student2,1st Year,1th Sem,A,AI,64,85,92
1BG21AI003,Student3,1st Year,1th Sem,A,AI,70,97,89
1BG21AI004,Student4,1st Year,1th Sem,A,AI,65,72,67
1BG21AI005,Student5,1st Year,1th Sem,A,AI,55,79,72
1BG21AI006,Student6,1st Year,1th Sem,A,AI,73,72,62
1BG21AI007,Student7,1st Year,1th Sem,A,AI,58,55,77
1BG21AI008,Student8,1st Year,1th Sem,A,AI,65,80,65
1BG21AI009,Student9,1st Year,1th Sem,A,AI,58,69,54
1BG21AI010,Student10,1st Year,1th Sem,B,AI,87,64,54
1BG21AI011,Student11,1st Year,1th Sem,B,AI,87,52,98
1BG21AI012,Student12,1st Year,1th Sem,B,AI,59,88,94
1BG21AI013,Student13,1st Year,1th Sem,B,AI,87,70,69
1BG21AI014,Student14,1st Year,1th Sem,B,AI,73,80,86
1BG21AI015,Student15,1st Year,1th Sem,B,AI,72,58,67
1BG21AI016,Student16,1st Year,1th Sem,B,AI,72,94,54
1BG21AI017,Student17,1st Year,1th Sem,B,AI,90,98,74
1BG21AI018,Student18,1st Year,1th Sem,B,AI,80,74,95
1BG21AI019,Student19,1st Year,1th Sem,B,AI,62,87,88
1BG21AI020,Student20,1st Year,1th Sem,B,AI,79,51,71
1BG21AI021,Student21,1st Year,1th Sem,B,AI,61,71,55
1BG21AI022,Student22,1st Year,1th Sem,C,AI,68,54,69
1BG21AI023,Student23,1st Year,1th Sem,C,AI,68,87,89
1BG21AI024,Student24,1st Year,1th Sem,C,AI,84,62,53
1BG21AI025,Student25,1st Year,1th Sem,C,AI,83,63,72
1BG21AI026,Student26,1st Year,1th Sem,C,AI,64,52,98
1BG21AI027,Student27,1st Year,1th Sem,C,AI,53,90,60
1BG21AI028,Student28,1st Year,1th Sem,C,AI,85,66,100
1BG21AI029,Student29,1st Year,1th Sem,C,AI,100,94,57
1BG21AI030,Student30,1st Year,1th Sem,C,AI,82,65,66
1BG21AI031,Student31,1st Year,1th Sem,C,AI,81,71,70
1BG21AI032,Student32,1st Year,1th Sem,C,AI,67,67,92
1BG21AI033,Student33,1st Year,1th Sem,C,AI,58,62,60
1BG21AI034,Student34,1st Year,1th Sem,C,AI,74,86,83
1BG21ME035,Student35,1st Year,1th Sem,A,ME,70,99,79
1BG21ME036,Student36,1st Year,1th Sem,A,ME,79,56,91
1BG21ME037,Student37,1st Year,1th Sem,A,ME,95,62,93
1BG21ME038,Student38,1st Year,1th Sem,A,ME,67,87,80
1BG21ME039,Student39,1st Year,1th Sem,A,ME,98,85,99
1BG21ME040,Student40,1st Year,1th Sem,A,ME,93,61,74
1BG21ME041,Student41,1st Year,1th Sem,A,ME,56,52,61
1BG21ME042,Student42,1st Year,1th Sem,A,ME,83,74,59
1BG21ME043,Student43,1st Year,1th Sem,A,ME,66,99,67
1BG21ME044,Student44,1st Year,1th Sem,A,ME,87,57,59
1BG21ME045,Student45,1st Year,1th Sem,A,ME,50,99,53
1BG21ME046,Student46,1st Year,1th Sem,A,ME,84,63,92
1BG21ME047,Student47,1st Year,1th Sem,A,ME,54,81,59
1BG21ME048,Student48,1st Year,1th Sem,A,ME,70,60,55
1BG21ME049,Student49,1st Year,1th Sem,A,ME,80,69,100
1BG21ME050,Student50,1st Year,1th Sem,B,ME,95,71,69
1BG21ME051,Student51,1st Year,1th Sem,B,ME,67,97,96
1BG21ME052,Student52,1st Year,1th Sem,B,ME,83,61,67
1BG21ME053,Student53,1st Year,1th Sem,B,ME,80,69,63
1BG21ME054,Student54,1st Year,1th Sem,B,ME,87,95,50
1BG21ME055,Student55,1st Year,1th Sem,B,ME,69,97,77
1BG21ME056,Student56,1st Year,1th Sem,C,ME,88,64,50
1BG21ME057,Student57,1st Year,1th Sem,C,ME,98,74,86
1BG21ME058,Student58,1st Year,1th Sem,C,ME,82,69,73
1BG21ME059,Student59,1st Year,1th Sem,C,ME,60,90,64
1BG21ME060,Student60,1st Year,1th Sem,C,ME,60,86,69
1BG21ME061,Student61,1st Year,1th Sem,C,ME,88,55,60
1BG21ME062,Student62,1st Year,1th Sem,C,ME,85,85,67
1BG21ME063,Student63,1st Year,1th Sem,C,ME,82,77,59
1BG21ME064,Student64,1st Year,1th Sem,C,ME,52,93,60
1BG21ME065,Student65,1st Year,1th Sem,C,ME,55,84,75
1BG21ME066,Student66,1st Year,1th Sem,C,ME,67,96,65
1BG21ME067,Student67,1st Year,1th Sem,C,ME,63,52,52
1BG21ME068,Student68,1st Year,1th Sem,C,ME,61,80,100
1BG21ME069,Student69,1st Year,1th Sem,C,ME,58,64,79
1BG21IS070,Student70,1st Year,1th Sem,A,ISE,92,52,90
1BG21IS071,Student71,1st Year,1th Sem,A,ISE,52,91,53
1BG21IS072,Student72,1st Year,1th Sem,A,ISE,56,53,97
1BG21IS073,Student73,1st Year,1th Sem,A,ISE,64,62,79
1BG21IS074,Student74,1st Year,1th Sem,A,ISE,61,80,52
1BG21IS075,Student75,1st Year,1th Sem,A,ISE,90,89,92
1BG21IS076,Student76,1st Year,1th Sem,A,ISE,92,88,78
1BG21IS077,Student77,1st Year,1th Sem,A,ISE,80,98,66
1BG21IS078,Student78,1st Year,1th Sem,B,ISE,95,61,71
1BG21IS079,Student79,1st Year,1th Sem,B,ISE,71,70,90
1BG21IS080,Student80,1st Year,1th Sem,B,ISE,50,71,93
1BG21IS081,Student81,1st Year,1th Sem,B,ISE,51,75,73
1BG21IS082,Student82,1st Year,1th Sem,B,ISE,82,93,51
1BG21IS083,Student83,1st Year,1th Sem,B,ISE,56,68,73
1BG21IS084,Student84,1st Year,1th Sem,C,ISE,91,54,69
1BG21IS085,Student85,1st Year,1th Sem,C,ISE,74,80,94
1BG21IS086,Student86,1st Year,1th Sem,C,ISE,76,64,92
1BG21IS087,Student87,1st Year,1th Sem,C,ISE,59,99,86
1BG21IS088,Student88,1st Year,1th Sem,C,ISE,60,81,80
1BG21IS089,Student89,1st Year,1th Sem,C,ISE,59,88,55
1BG21IS090,Student90,1st Year,1th Sem,C,ISE,61,70,100
1BG21CS091,Student91,1st Year,1th Sem,A,CSE,97,82,71
1BG21CS092,Student92,1st Year,1th Sem,A,CSE,98,67,98
1BG21CS093,Student93,1st Year,1th Sem,A,CSE,61,64,77
1BG21CS094,Student94,1st Year,1th Sem,A,CSE,55,77,56
1BG21CS095,Student95,1st Year,1th Sem,A,CSE,90,55,58
1BG21CS096,Student96,1st Year,1th Sem,A,CSE,63,62,89
1BG21CS097,Student97,1st Year,1th Sem,A,CSE,76,66,84
1BG21CS098,Student98,1st Year,1th Sem,A,CSE,100,71,54
1BG21CS099,Student99,1st Year,1th Sem,A,CSE,57,60,87
1BG21CS100,Student100,1st Year,1th Sem,A,CSE,83,67,94
1BG21CS101,Student101,1st Year,1th Sem,A,CSE,82,73,59
1BG21CS102,Student102,1st Year,1th Sem,A,CSE,77,61,71
1BG21CS103,Student103,1st Year,1th Sem,A,CSE,94,50,70
1BG21CS104,Student104,1st Year,1th Sem,A,CSE,61,62,92
1BG21CS105,Student105,1st Year,1th Sem,B,CSE,95,87,66
1BG21CS106,Student106,1st Year,1th Sem,B,CSE,76,54,58
1BG21CS107,Student107,1st Year,1th Sem,B,CSE,90,88,91
1BG21CS108,Student108,1st Year,1th Sem,B,CSE,55,59,86
1BG21CS109,Student109,1st Year,1th Sem,B,CSE,80,97,86
1BG21CS110,Student110,1st Year,1th Sem,B,CSE,85,61,74
1BG21CS111,Student111,1st Year,1th Sem,B,CSE,76,81,83
1BG21CS112,Student112,1st Year,1th Sem,B,CSE,83,90,73
1BG21CS113,Student113,1st Year,1th Sem,B,CSE,73,66,64
1BG21CS114,Student114,1st Year,1th Sem,B,CSE,72,100,87
1BG21CS115,Student115,1st Year,1th Sem,B,CSE,94,67,73
1BG21CS116,Student116,1st Year,1th Sem,B,CSE,96,86,50
1BG21CS117,Student117,1st Year,1th Sem,B,CSE,98,60,83
1BG21CS118,Student118,1st Year,1th Sem,B,CSE,95,52,52
1BG21CS119,Student119,1st Year,1th Sem,B,CSE,78,84,84
1BG21CS120,Student120,1st Year,1th Sem,C,CSE,92,61,53
1BG21CS121,Student121,1st Year,1th Sem,C,CSE,87,82,85
1BG21CS122,Student122,1st Year,1th Sem,C,CSE,54,99,70
1BG21CS123,Student123,1st Year,1th Sem,C,CSE,74,89,94
1BG21CS124,Student124,1st Year,1th Sem,C,CSE,63,83,57
1BG21CS125,Student125,1st Year,1th Sem,C,CSE,50,91,99
1BG21CS126,Student126,1st Year,1th Sem,C,CSE,69,64,58
1BG21CS127,Student127,1st Year,1th Sem,C,CSE,99,98,62
1BG21CS128,Student128,1st Year,1th Sem,C,CSE,51,65,58
1BG21CS129,Student129,1st Year,1th Sem,C,CSE,89,87,95
1BG21CS130,Student130,1st Year,1th Sem,C,CSE,96,82,54
1BG21CS131,Student131,1st Year,1th Sem,C,CSE,71,90,84
1BG21EC132,Student132,1st Year,1th Sem,A,ECE,56,87,66
1BG21EC133,Student133,1st Year,1th Sem,A,ECE,76,91,59
1BG21EC134,Student134,1st Year,1th Sem,A,ECE,86,92,89
1BG21EC135,Student135,1st Year,1th Sem,A,ECE,97,64,58
1BG21EC136,Student136,1st Year,1th Sem,A,ECE,92,64,70
1BG21EC137,Student137,1st Year,1th Sem,A,ECE,67,65,73
1BG21EC138,Student138,1st Year,1th Sem,A,ECE,60,96,57
1BG21EC139,Student139,1st Year,1th Sem,A,ECE,98,83,66
1BG21EC140,Student140,1st Year,1th Sem,A,ECE,65,94,56
1BG21EC141,Student141,1st Year,1th Sem,A,ECE,91,88,53
1BG21EC142,Student142,1st Year,1th Sem,A,ECE,54,72,88
1BG21EC143,Student143,1st Year,1th Sem,A,ECE,91,60,65
1BG21EC144,Student144,1st Year,1th Sem,A,ECE,75,100,53
1BG21EC145,Student145,1st Year,1th Sem,A,ECE,97,100,54
1BG21EC146,Student146,1st Year,1th Sem,B,ECE,62,95,65
1BG21EC147,Student147,1st Year,1th Sem,B,ECE,79,63,82
1BG21EC148,Student148,1st Year,1th Sem,B,ECE,53,59,86
1BG21EC149,Student149,1st Year,1th Sem,B,ECE,74,95,63
1BG21EC150,Student150,1st Year,1th Sem,B,ECE,64,74,90
1BG21EC151,Student151,1st Year,1th Sem,B,ECE,72,58,74
1BG21EC152,Student152,1st Year,1th Sem,B,ECE,73,54,98
1BG21EC153,Student153,1st Year,1th Sem,B,ECE,69,98,72
1BG21EC154,Student154,1st Year,1th Sem,B,ECE,90,92,65
1BG21EC155,Student155,1st Year,1th Sem,B,ECE,99,79,89
1BG21EC156,Student156,1st Year,1th Sem,B,ECE,96,54,61
1BG21EC157,Student157,1st Year,1th Sem,B,ECE,59,73,67
1BG21EC158,Student158,1st Year,1th Sem,B,ECE,99,58,57
1BG21EC159,Student159,1st Year,1th Sem,C,ECE,60,54,70
1BG21EC160,Student160,1st Year,1th Sem,C,ECE,75,92,60
1BG21EC161,Student161,1st Year,1th Sem,C,ECE,97,75,50
1BG21EC162,Student162,1st Year,1th Sem,C,ECE,86,96,97
1BG21EC163,Student163,1st Year,1th Sem,C,ECE,100,98,91
1BG21EC164,Student164,1st Year,1th Sem,C,ECE,68,93,80
1BG21EC165,Student165,1st Year,1th Sem,C,ECE,64,52,76
1BG21EC166,Student166,1st Year,1th Sem,C,ECE,83,78,73
1BG21EE167,Student167,1st Year,1th Sem,A,EEE,100,58,77
1BG21EE168,Student168,1st Year,1th Sem,A,EEE,53,55,84
1BG21EE169,Student169,1st Year,1th Sem,A,EEE,94,50,78
1BG21EE170,Student170,1st Year,1th Sem,A,EEE,62,60,93
1BG21EE171,Student171,1st Year,1th Sem,A,EEE,60,58,53
1BG21EE172,Student172,1st Year,1th Sem,A,EEE,76,60,90
1BG21EE173,Student173,1st Year,1th Sem,B,EEE,66,68,50
1BG21EE174,Student174,1st Year,1th Sem,B,EEE,59,56,70
1BG21EE175,Student175,1st Year,1th Sem,B,EEE,58,91,74
1BG21EE176,Student176,1st Year,1th Sem,B,EEE,61,58,74
1BG21EE177,Student177,1st Year,1th Sem,B,EEE,82,55,68
1BG21EE178,Student178,1st Year,1th Sem,B,EEE,98,54,59
1BG21EE179,Student179,1st Year,1th Sem,B,EEE,99,87,72
1BG21EE180,Student180,1st Year,1th Sem,B,EEE,96,72,85
1BG21EE181,Student181,1st Year,1th Sem,B,EEE,79,89,79
1BG21EE182,Student182,1st Year,1th Sem,C,EEE,73,51,71
1BG21EE183,Student183,1st Year,1th Sem,C,EEE,56,95,64
1BG21EE184,Student184,1st Year,1th Sem,C,EEE,59,65,97
1BG21EE185,Student185,1st Year,1th Sem,C,EEE,70,68,72
1BG21EE186,Student186,1st Year,1th Sem,C,EEE,71,76,72
1BG21EE187,Student187,1st Year,1th Sem,C,EEE,84,97,74
1BG21EE188,Student188,1st Year,1th Sem,C,EEE,90,58,87
1BG21EE189,Student189,1st Year,1th Sem,C,EEE,81,70,87
1BG21EE190,Student190,1st Year,1th Sem,C,EEE,81,72,87
1BG21EE191,Student191,1st Year,1th Sem,C,EEE,53,91,84
1BG21EE192,Student192,1st Year,1th Sem,C,EEE,74,73,66
1BG21EE193,Student193,1st Year,1th Sem,C,EEE,85,84,77
1BG21AI194,Student194,1st Year,2th Sem,A,AI,70,79,58
1BG21AI195,Student195,1st Year,2th Sem,A,AI,67,80,63
1BG21AI196,Student196,1st Year,2th Sem,A,AI,68,88,81
1BG21AI197,Student197,1st Year,2th Sem,A,AI,76,89,54
1BG21AI198,Student198,1st Year,2th Sem,A,AI,77,89,51
1BG21AI199,Student199,1st Year,2th Sem,A,AI,73,52,89
1BG21AI200,Student200,1st Year,2th Sem,A,AI,60,95,97
1BG21AI201,Student201,1st Year,2th Sem,A,AI,61,99,95
1BG21AI202,Student202,1st Year,2th Sem,A,AI,57,50,91
1BG21AI203,Student203,1st Year,2th Sem,A,AI,60,86,58
1BG21AI204,Student204,1st Year,2th Sem,A,AI,96,62,97
1BG21AI205,Student205,1st Year,2th Sem,A,AI,99,55,81
1BG21AI206,Student206,1st Year,2th Sem,B,AI,99,98,75
1BG21AI207,Student207,1st Year,2th Sem,B,AI,100,94,81
1BG21AI208,Student208,1st Year,2th Sem,B,AI,88,71,97
1BG21AI209,Student209,1st Year,2th Sem,B,AI,56,61,60
1BG21AI210,Student210,1st Year,2th Sem,B,AI,74,78,70
1BG21AI211,Student211,1st Year,2th Sem,B,AI,76,99,66
1BG21AI212,Student212,1st Year,2th Sem,B,AI,61,54,80
1BG21AI213,Student213,1st Year,2th Sem,B,AI,68,61,51
1BG21AI214,Student214,1st Year,2th Sem,B,AI,82,100,69
1BG21AI215,Student215,1st Year,2th Sem,B,AI,79,90,99
1BG21AI216,Student216,1st Year,2th Sem,B,AI,52,60,65
1BG21AI217,Student217,1st Year,2th Sem,C,AI,75,56,92
1BG21AI218,Student218,1st Year,2th Sem,C,AI,86,88,71
1BG21AI219,Student219,1st Year,2th Sem,C,AI,94,68,55
1BG21AI220,Student220,1st Year,2th Sem,C,AI,55,83,84
1BG21AI221,Student221,1st Year,2th Sem,C,AI,88,57,56
1BG21AI222,Student222,1st Year,2th Sem,C,AI,92,75,66
1BG21AI223,Student223,1st Year,2th Sem,C,AI,79,90,91
1BG21AI224,Student224,1st Year,2th Sem,C,AI,77,91,72
1BG21AI225,Student225,1st Year,2th Sem,C,AI,55,98,51
1BG21AI226,Student226,1st Year,2th Sem,C,AI,79,93,55
1BG21AI227,Student227,1st Year,2th Sem,C,AI,63,57,56
1BG21AI228,Student228,1st Year,2th Sem,C,AI,69,87,98
1BG21AI229,Student229,1st Year,2th Sem,C,AI,55,73,93
1BG21ME230,Student230,1st Year,2th Sem,A,ME,64,83,63
1BG21ME231,Student231,1st Year,2th Sem,A,ME,77,93,53
1BG21ME232,Student232,1st Year,2th Sem,A,ME,63,98,65
1BG21ME233,Student233,1st Year,2th Sem,A,ME,71,55,62
1BG21ME234,Student234,1st Year,2th Sem,A,ME,96,75,92
1BG21ME235,Student235,1st Year,2th Sem,A,ME,99,57,73
1BG21ME236,Student236,1st Year,2th Sem,A,ME,71,92,61
1BG21ME237,Student237,1st Year,2th Sem,A,ME,70,75,92
1BG21ME238,Student238,1st Year,2th Sem,B,ME,94,70,84
1BG21ME239,Student239,1st Year,2th Sem,B,ME,69,82,90
1BG21ME240,Student240,1st Year,2th Sem,B,ME,81,84,94
1BG21ME241,Student241,1st Year,2th Sem,B,ME,67,74,88
1BG21ME242,Student242,1st Year,2th Sem,B,ME,73,75,83
1BG21ME243,Student243,1st Year,2th Sem,B,ME,74,65,56
1BG21ME244,Student244,1st Year,2th Sem,B,ME,93,97,53
1BG21ME245,Student245,1st Year,2th Sem,B,ME,69,75,83
1BG21ME246,Student246,1st Year,2th Sem,B,ME,92,51,85
1BG21ME247,Student247,1st Year,2th Sem,C,ME,58,67,76
1BG21ME248,Student248,1st Year,2th Sem,C,ME,65,77,68
1BG21ME249,Student249,1st Year,2th Sem,C,ME,86,52,91
1BG21ME250,Student250,1st Year,2th Sem,C,ME,51,88,64
1BG21ME251,Student251,1st Year,2th Sem,C,ME,69,94,92
1BG21ME252,Student252,1st Year,2th Sem,C,ME,67,73,51
1BG21IS253,Student253,1st Year,2th Sem,A,ISE,66,54,92
1BG21IS254,Student254,1st Year,2th Sem,A,ISE,64,89,90
1BG21IS255,Student255,1st Year,2th Sem,A,ISE,99,71,82
1BG21IS256,Student256,1st Year,2th Sem,A,ISE,85,71,59
1BG21IS257,Student257,1st Year,2th Sem,A,ISE,71,67,66
1BG21IS258,Student258,1st Year,2th Sem,A,ISE,68,82,53
1BG21IS259,Student259,1st Year,2th Sem,A,ISE,86,65,82
1BG21IS260,Student260,1st Year,2th Sem,A,ISE,90,54,67
1BG21IS261,Student261,1st Year,2th Sem,A,ISE,75,100,50
1BG21IS262,Student262,1st Year,2th Sem,B,ISE,59,52,99
1BG21IS263,Student263,1st Year,2th Sem,B,ISE,84,65,56
1BG21IS264,Student264,1st Year,2th Sem,B,ISE,54,82,87
1BG21IS265,Student265,1st Year,2th Sem,B,ISE,68,86,68
1BG21IS266,Student266,1st Year,2th Sem,B,ISE,96,83,69
1BG21IS267,Student267,1st Year,2th Sem,B,ISE,53,55,92
1BG21IS268,Student268,1st Year,2th Sem,B,ISE,51,97,70
1BG21IS269,Student269,1st Year,2th Sem,B,ISE,58,84,65
1BG21IS270,Student270,1st Year,2th Sem,B,ISE,66,98,71
1BG21IS271,Student271,1st Year,2th Sem,B,ISE,52,74,98
1BG21IS272,Student272,1st Year,2th Sem,B,ISE,77,76,71
1BG21IS273,Student273,1st Year,2th Sem,B,ISE,57,78,64
1BG21IS274,Student274,1st Year,2th Sem,B,ISE,75,52,55
1BG21IS275,Student275,1st Year,2th Sem,C,ISE,63,61,73
1BG21IS276,Student276,1st Year,2th Sem,C,ISE,70,74,56
1BG21IS277,Student277,1st Year,2th Sem,C,ISE,51,95,90
1BG21IS278,Student278,1st Year,2th Sem,C,ISE,86,77,81
1BG21IS279,Student279,1st Year,2th Sem,C,ISE,86,90,60
1BG21IS280,Student280,1st Year,2th Sem,C,ISE,57,57,77
1BG21IS281,Student281,1st Year,2th Sem,C,ISE,85,63,81
1BG21CS282,Student282,1st Year,2th Sem,A,CSE,52,90,84
1BG21CS283,Student283,1st Year,2th Sem,A,CSE,88,94,56
1BG21CS284,Student284,1st Year,2th Sem,A,CSE,78,75,65
1BG21CS285,Student285,1st Year,2th Sem,A,CSE,69,79,86
1BG21CS286,Student286,1st Year,2th Sem,A,CSE,56,97,70
1BG21CS287,Student287,1st Year,2th Sem,A,CSE,55,77,80
1BG21CS288,Student288,1st Year,2th Sem,A,CSE,60,88,55
1BG21CS289,Student289,1st Year,2th Sem,A,CSE,60,66,53
1BG21CS290,Student290,1st Year,2th Sem,B,CSE,77,88,79
1BG21CS291,Student291,1st Year,2th Sem,B,CSE,50,64,58
1BG21CS292,Student292,1st Year,2th Sem,B,CSE,97,64,93
1BG21CS293,Student293,1st Year,2th Sem,B,CSE,100,69,56
1BG21CS294,Student294,1st Year,2th Sem,B,CSE,77,81,75
1BG21CS295,Student295,1st Year,2th Sem,B,CSE,75,75,68
1BG21CS296,Student296,1st Year,2th Sem,B,CSE,100,63,81
1BG21CS297,Student297,1st Year,2th Sem,B,CSE,99,60,73
1BG21CS298,Student298,1st Year,2th Sem,B,CSE,61,81,51
1BG21CS299,Student299,1st Year,2th Sem,C,CSE,64,84,94
1BG21CS300,Student300,1st Year,2th Sem,C,CSE,76,99,65
1BG21CS301,Student301,1st Year,2th Sem,C,CSE,81,51,95
1BG21CS302,Student302,1st Year,2th Sem,C,CSE,87,76,83
1BG21CS303,Student303,1st Year,2th Sem,C,CSE,88,89,74
1BG21CS304,Student304,1st Year,2th Sem,C,CSE,80,50,56
1BG21CS305,Student305,1st Year,2th Sem,C,CSE,86,97,95
1BG21CS306,Student306,1st Year,2th Sem,C,CSE,69,100,62
1BG21CS307,Student307,1st Year,2th Sem,C,CSE,89,86,81
1BG21CS308,Student308,1st Year,2th Sem,C,CSE,70,76,83
1BG21CS309,Student309,1st Year,2th Sem,C,CSE,75,59,69
1BG21CS310,Student310,1st Year,2th Sem,C,CSE,62,51,71
1BG21CS311,Student311,1st Year,2th Sem,C,CSE,81,81,83
1BG21EC312,Student312,1st Year,2th Sem,A,ECE,80,69,81
1BG21EC313,Student313,1st Year,2th Sem,A,ECE,51,81,53
1BG21EC314,Student314,1st Year,2th Sem,A,ECE,100,54,87
1BG21EC315,Student315,1st Year,2th Sem,A,ECE,68,65,77
1BG21EC316,Student316,1st Year,2th Sem,A,ECE,55,61,96
1BG21EC317,Student317,1st Year,2th Sem,A,ECE,61,69,80
1BG21EC318,Student318,1st Year,2th Sem,A,ECE,50,90,94
1BG21EC319,Student319,1st Year,2th Sem,A,ECE,60,78,74
1BG21EC320,Student320,1st Year,2th Sem,A,ECE,66,87,100
1BG21EC321,Student321,1st Year,2th Sem,A,ECE,61,73,99
1BG21EC322,Student322,1st Year,2th Sem,A,ECE,73,58,89
1BG21EC323,Student323,1st Year,2th Sem,A,ECE,60,68,54
1BG21EC324,Student324,1st Year,2th Sem,A,ECE,68,94,91
1BG21EC325,Student325,1st Year,2th Sem,A,ECE,84,51,59
1BG21EC326,Student326,1st Year,2th Sem,B,ECE,99,67,68
1BG21EC327,Student327,1st Year,2th Sem,B,ECE,59,53,90
1BG21EC328,Student328,1st Year,2th Sem,B,ECE,89,80,73
1BG21EC329,Student329,1st Year,2th Sem,B,ECE,88,87,89
1BG21EC330,Student330,1st Year,2th Sem,B,ECE,80,50,79
1BG21EC331,Student331,1st Year,2th Sem,B,ECE,79,61,85
1BG21EC332,Student332,1st Year,2th Sem,B,ECE,91,81,58
1BG21EC333,Student333,1st Year,2th Sem,B,ECE,79,61,58
1BG21EC334,Student334,1st Year,2th Sem,B,ECE,99,80,90
1BG21EC335,Student335,1st Year,2th Sem,C,ECE,58,60,77
1BG21EC336,Student336,1st Year,2th Sem,C,ECE,59,62,88
1BG21EC337,Student337,1st Year,2th Sem,C,ECE,74,62,84
1BG21EC338,Student338,1st Year,2th Sem,C,ECE,69,79,81
1BG21EC339,Student339,1st Year,2th Sem,C,ECE,99,59,66
1BG21EE340,Student340,1st Year,2th Sem,A,EEE,71,97,54
1BG21EE341,Student341,1st Year,2th Sem,A,EEE,86,53,83
1BG21EE342,Student342,1st Year,2th Sem,A,EEE,88,96,51
1BG21EE343,Student343,1st Year,2th Sem,A,EEE,71,72,59
1BG21EE344,Student344,1st Year,2th Sem,A,EEE,53,51,51
1BG21EE345,Student345,1st Year,2th Sem,A,EEE,98,90,81
1BG21EE346,Student346,1st Year,2th Sem,A,EEE,77,68,77
1BG21EE347,Student347,1st Year,2th Sem,A,EEE,60,70,84
1BG21EE348,Student348,1st Year,2th Sem,A,EEE,56,63,89
1BG21EE349,Student349,1st Year,2th Sem,A,EEE,58,77,73
1BG21EE350,Student350,1st Year,2th Sem,A,EEE,61,64,91
1BG21EE351,Student351,1st Year,2th Sem,A,EEE,69,69,62
1BG21EE352,Student352,1st Year,2th Sem,A,EEE,100,98,76
1BG21EE353,Student353,1st Year,2th Sem,A,EEE,50,94,52
1BG21EE354,Student354,1st Year,2th Sem,B,EEE,70,76,82
1BG21EE355,Student355,1st Year,2th Sem,B,EEE,72,77,52
1BG21EE356,Student356,1st Year,2th Sem,B,EEE,56,73,97
1BG21EE357,Student357,1st Year,2th Sem,B,EEE,86,85,69
1BG21EE358,Student358,1st Year,2th Sem,B,EEE,82,87,96
1BG21EE359,Student359,1st Year,2th Sem,B,EEE,87,69,92
1BG21EE360,Student360,1st Year,2th Sem,B,EEE,56,90,90
1BG21EE361,Student361,1st Year,2th Sem,C,EEE,64,52,82
1BG21EE362,Student362,1st Year,2th Sem,C,EEE,61,95,80
1BG21EE363,Student363,1st Year,2th Sem,C,EEE,58,84,67
1BG21EE364,Student364,1st Year,2th Sem,C,EEE,91,56,54
1BG21EE365,Student365,1st Year,2th Sem,C,EEE,75,97,84
1BG21EE366,Student366,1st Year,2th Sem,C,EEE,93,86,94
1BG21EE367,Student367,1st Year,2th Sem,C,EEE,51,94,64
1BG21EE368,Student368,1st Year,2th Sem,C,EEE,63,73,92
1BG21EE369,Student369,1st Year,2th Sem,C,EEE,56,56,82
1BG21EE370,Student370,1st Year,2th Sem,C,EEE,51,82,99
1BG21EE371,Student371,1st Year,2th Sem,C,EEE,91,53,91
1BG21EE372,Student372,1st Year,2th Sem,C,EEE,67,52,81
1BG21AI373,Student373,2nd Year,3th Sem,A,AI,84,74,69
1BG21AI374,Student374,2nd Year,3th Sem,A,AI,95,85,68
1BG21AI375,Student375,2nd Year,3th Sem,A,AI,55,55,84
1BG21AI376,Student376,2nd Year,3th Sem,A,AI,99,94,90
1BG21AI377,Student377,2nd Year,3th Sem,A,AI,74,57,91
1BG21AI378,Student378,2nd Year,3th Sem,A,AI,59,56,64
1BG21AI379,Student379,2nd Year,3th Sem,A,AI,82,93,74
1BG21AI380,Student380,2nd Year,3th Sem,A,AI,79,77,74
1BG21AI381,Student381,2nd Year,3th Sem,A,AI,97,59,69
1BG21AI382,Student382,2nd Year,3th Sem,A,AI,73,52,96
1BG21AI383,Student383,2nd Year,3th Sem,A,AI,56,59,87
1BG21AI384,Student384,2nd Year,3th Sem,A,AI,99,56,51
1BG21AI385,Student385,2nd Year,3th Sem,A,AI,67,75,57
1BG21AI386,Student386,2nd Year,3th Sem,A,AI,85,80,70
1BG21AI387,Student387,2nd Year,3th Sem,B,AI,84,88,88
1BG21AI388,Student388,2nd Year,3th Sem,B,AI,98,67,100
1BG21AI389,Student389,2nd Year,3th Sem,B,AI,68,55,54
1BG21AI390,Student390,2nd Year,3th Sem,B,AI,69,77,81
1BG21AI391,Student391,2nd Year,3th Sem,B,AI,76,88,53
1BG21AI392,Student392,2nd Year,3th Sem,B,AI,78,67,70
1BG21AI393,Student393,2nd Year,3th Sem,C,AI,96,69,100
1BG21AI394,Student394,2nd Year,3th Sem,C,AI,98,69,67
1BG21AI395,Student395,2nd Year,3th Sem,C,AI,86,71,76
1BG21AI396,Student396,2nd Year,3th Sem,C,AI,82,68,78
1BG21AI397,Student397,2nd Year,3th Sem,C,AI,81,82,80
1BG21ME398,Student398,2nd Year,3th Sem,A,ME,83,86,53
1BG21ME399,Student399,2nd Year,3th Sem,A,ME,51,72,86
1BG21ME400,Student400,2nd Year,3th Sem,A,ME,69,81,79
1BG21ME401,Student401,2nd Year,3th Sem,A,ME,83,87,54
1BG21ME402,Student402,2nd Year,3th Sem,A,ME,91,86,60
1BG21ME403,Student403,2nd Year,3th Sem,B,ME,64,67,90
1BG21ME404,Student404,2nd Year,3th Sem,B,ME,94,53,91
1BG21ME405,Student405,2nd Year,3th Sem,B,ME,60,70,70
1BG21ME406,Student406,2nd Year,3th Sem,B,ME,59,93,72
1BG21ME407,Student407,2nd Year,3th Sem,B,ME,57,73,96
1BG21ME408,Student408,2nd Year,3th Sem,B,ME,86,61,99
1BG21ME409,Student409,2nd Year,3th Sem,B,ME,95,60,74
1BG21ME410,Student410,2nd Year,3th Sem,B,ME,81,76,61
1BG21ME411,Student411,2nd Year,3th Sem,B,ME,74,98,60
1BG21ME412,Student412,2nd Year,3th Sem,B,ME,95,87,54
1BG21ME413,Student413,2nd Year,3th Sem,B,ME,54,51,71
1BG21ME414,Student414,2nd Year,3th Sem,B,ME,59,92,69
1BG21ME415,Student415,2nd Year,3th Sem,B,ME,87,93,65
1BG21ME416,Student416,2nd Year,3th Sem,C,ME,90,57,56
1BG21ME417,Student417,2nd Year,3th Sem,C,ME,95,57,76
1BG21ME418,Student418,2nd Year,3th Sem,C,ME,61,98,62
1BG21ME419,Student419,2nd Year,3th Sem,C,ME,91,76,71
1BG21ME420,Student420,2nd Year,3th Sem,C,ME,50,89,81
1BG21ME421,Student421,2nd Year,3th Sem,C,ME,92,61,95
1BG21ME422,Student422,2nd Year,3th Sem,C,ME,89,99,89
1BG21ME423,Student423,2nd Year,3th Sem,C,ME,51,77,64
1BG21ME424,Student424,2nd Year,3th Sem,C,ME,99,83,82
1BG21ME425,Student425,2nd Year,3th Sem,C,ME,99,82,72
1BG21ME426,Student426,2nd Year,3th Sem,C,ME,81,99,60
1BG21ME427,Student427,2nd Year,3th Sem,C,ME,73,67,51
1BG21IS428,Student428,2nd Year,3th Sem,A,ISE,80,92,59
1BG21IS429,Student429,2nd Year,3th Sem,A,ISE,70,64,93
1BG21IS430,Student430,2nd Year,3th Sem,A,ISE,51,73,97
1BG21IS431,Student431,2nd Year,3th Sem,A,ISE,53,77,56
1BG21IS432,Student432,2nd Year,3th Sem,A,ISE,97,96,84
1BG21IS433,Student433,2nd Year,3th Sem,A,ISE,55,92,86
1BG21IS434,Student434,2nd Year,3th Sem,A,ISE,88,96,88
1BG21IS435,Student435,2nd Year,3th Sem,B,ISE,84,99,77
1BG21IS436,Student436,2nd Year,3th Sem,B,ISE,70,82,86
1BG21IS437,Student437,2nd Year,3th Sem,B,ISE,89,88,92
1BG21IS438,Student438,2nd Year,3th Sem,B,ISE,87,54,92
1BG21IS439,Student439,2nd Year,3th Sem,B,ISE,99,69,90
1BG21IS440,Student440,2nd Year,3th Sem,B,ISE,65,83,53
1BG21IS441,Student441,2nd Year,3th Sem,C,ISE,100,82,53
1BG21IS442,Student442,2nd Year,3th Sem,C,ISE,70,71,71
1BG21IS443,Student443,2nd Year,3th Sem,C,ISE,57,61,77
1BG21IS444,Student444,2nd Year,3th Sem,C,ISE,71,57,90
1BG21IS445,Student445,2nd Year,3th Sem,C,ISE,97,85,84
1BG21IS446,Student446,2nd Year,3th Sem,C,ISE,77,94,76
1BG21IS447,Student447,2nd Year,3th Sem,C,ISE,65,98,51
1BG21IS448,Student448,2nd Year,3th Sem,C,ISE,75,96,53
1BG21IS449,Student449,2nd Year,3th Sem,C,ISE,64,52,58
1BG21IS450,Student450,2nd Year,3th Sem,C,ISE,55,75,82
1BG21IS451,Student451,2nd Year,3th Sem,C,ISE,60,87,62
1BG21IS452,Student452,2nd Year,3th Sem,C,ISE,92,53,62
1BG21CS453,Student453,2nd Year,3th Sem,A,CSE,99,60,50
1BG21CS454,Student454,2nd Year,3th Sem,A,CSE,54,66,91
1BG21CS455,Student455,2nd Year,3th Sem,A,CSE,87,60,74
1BG21CS456,Student456,2nd Year,3th Sem,A,CSE,96,89,57
1BG21CS457,Student457,2nd Year,3th Sem,A,CSE,76,91,70
1BG21CS458,Student458,2nd Year,3th Sem,A,CSE,58,83,96
1BG21CS459,Student459,2nd Year,3th Sem,B,CSE,98,71,63
1BG21CS460,Student460,2nd Year,3th Sem,B,CSE,86,99,72
1BG21CS461,Student461,2nd Year,3th Sem,B,CSE,71,84,50
1BG21CS462,Student462,2nd Year,3th Sem,B,CSE,60,83,54
1BG21CS463,Student463,2nd Year,3th Sem,B,CSE,59,58,92
1BG21CS464,Student464,2nd Year,3th Sem,B,CSE,56,97,97
1BG21CS465,Student465,2nd Year,3th Sem,B,CSE,71,85,95
1BG21CS466,Student466,2nd Year,3th Sem,B,CSE,50,98,79
1BG21CS467,Student467,2nd Year,3th Sem,B,CSE,81,55,75
1BG21CS468,Student468,2nd Year,3th Sem,C,CSE,75,74,55
1BG21CS469,Student469,2nd Year,3th Sem,C,CSE,57,56,86
1BG21CS470,Student470,2nd Year,3th Sem,C,CSE,85,81,51
1BG21CS471,Student471,2nd Year,3th Sem,C,CSE,50,88,69
1BG21CS472,Student472,2nd Year,3th Sem,C,CSE,61,69,69
1BG21CS473,Student473,2nd Year,3th Sem,C,CSE,76,68,55
1BG21CS474,Student474,2nd Year,3th Sem,C,CSE,75,93,73
1BG21CS475,Student475,2nd Year,3th Sem,C,CSE,82,98,76
1BG21CS476,Student476,2nd Year,3th Sem,C,CSE,82,83,92
1BG21CS477,Student477,2nd Year,3th Sem,C,CSE,94,77,81
1BG21CS478,Student478,2nd Year,3th Sem,C,CSE,78,64,67
1BG21CS479,Student479,2nd Year,3th Sem,C,CSE,84,62,76
1BG21CS480,Student480,2nd Year,3th Sem,C,CSE,61,82,78
1BG21CS481,Student481,2nd Year,3th Sem,C,CSE,82,85,56
1BG21CS482,Student482,2nd Year,3th Sem,C,CSE,89,59,75
1BG21EC483,Student483,2nd Year,3th Sem,A,ECE,95,62,86
1BG21EC484,Student484,2nd Year,3th Sem,A,ECE,68,62,100
1BG21EC485,Student485,2nd Year,3th Sem,A,ECE,98,66,64
1BG21EC486,Student486,2nd Year,3th Sem,A,ECE,79,99,90
1BG21EC487,Student487,2nd Year,3th Sem,A,ECE,55,54,81
1BG21EC488,Student488,2nd Year,3th Sem,A,ECE,86,72,70
1BG21EC489,Student489,2nd Year,3th Sem,A,ECE,99,65,74
1BG21EC490,Student490,2nd Year,3th Sem,A,ECE,91,81,59
1BG21EC491,Student491,2nd Year,3th Sem,A,ECE,98,94,54
1BG21EC492,Student492,2nd Year,3th Sem,A,ECE,71,50,82
1BG21EC493,Student493,2nd Year,3th Sem,A,ECE,57,93,62
1BG21EC494,Student494,2nd Year,3th Sem,A,ECE,99,90,53
1BG21EC495,Student495,2nd Year,3th Sem,A,ECE,82,60,55
1BG21EC496,Student496,2nd Year,3th Sem,A,ECE,61,91,97
1BG21EC497,Student497,2nd Year,3th Sem,A,ECE,64,57,50
1BG21EC498,Student498,2nd Year,3th Sem,B,ECE,69,76,82
1BG21EC499,Student499,2nd Year,3th Sem,B,ECE,88,55,68
1BG21EC500,Student500,2nd Year,3th Sem,B,ECE,87,97,97
1BG21EC501,Student501,2nd Year,3th Sem,B,ECE,87,75,96
1BG21EC502,Student502,2nd Year,3th Sem,B,ECE,56,90,99
1BG21EC503,Student503,2nd Year,3th Sem,C,ECE,52,91,75
1BG21EC504,Student504,2nd Year,3th Sem,C,ECE,66,62,56
1BG21EC505,Student505,2nd Year,3th Sem,C,ECE,76,68,62
1BG21EC506,Student506,2nd Year,3th Sem,C,ECE,96,55,52
1BG21EC507,Student507,2nd Year,3th Sem,C,ECE,76,63,56
1BG21EC508,Student508,2nd Year,3th Sem,C,ECE,96,63,96
1BG21EC509,Student509,2nd Year,3th Sem,C,ECE,91,96,73
1BG21EC510,Student510,2nd Year,3th Sem,C,ECE,86,72,57
1BG21EC511,Student511,2nd Year,3th Sem,C,ECE,64,50,59
1BG21EC512,Student512,2nd Year,3th Sem,C,ECE,86,82,84
1BG21EC513,Student513,2nd Year,3th Sem,C,ECE,50,57,89
1BG21EC514,Student514,2nd Year,3th Sem,C,ECE,81,66,61
1BG21EC515,Student515,2nd Year,3th Sem,C,ECE,72,84,53
1BG21EC516,Student516,2nd Year,3th Sem,C,ECE,78,58,67
1BG21EC517,Student517,2nd Year,3th Sem,C,ECE,52,90,68
1BG21EE518,Student518,2nd Year,3th Sem,A,EEE,64,95,98
1BG21EE519,Student519,2nd Year,3th Sem,A,EEE,90,61,69
1BG21EE520,Student520,2nd Year,3th Sem,A,EEE,64,74,81
1BG21EE521,Student521,2nd Year,3th Sem,A,EEE,62,90,86
1BG21EE522,Student522,2nd Year,3th Sem,A,EEE,97,60,93
1BG21EE523,Student523,2nd Year,3th Sem,A,EEE,58,97,59
1BG21EE524,Student524,2nd Year,3th Sem,A,EEE,76,75,99
1BG21EE525,Student525,2nd Year,3th Sem,A,EEE,78,53,79
1BG21EE526,Student526,2nd Year,3th Sem,A,EEE,81,55,98
1BG21EE527,Student527,2nd Year,3th Sem,A,EEE,86,55,97
1BG21EE528,Student528,2nd Year,3th Sem,A,EEE,69,65,72
1BG21EE529,Student529,2nd Year,3th Sem,A,EEE,73,89,77
1BG21EE530,Student530,2nd Year,3th Sem,A,EEE,58,63,56
1BG21EE531,Student531,2nd Year,3th Sem,A,EEE,76,88,92
1BG21EE532,Student532,2nd Year,3th Sem,A,EEE,70,53,79
1BG21EE533,Student533,2nd Year,3th Sem,B,EEE,82,67,100
1BG21EE534,Student534,2nd Year,3th Sem,B,EEE,96,75,73
1BG21EE535,Student535,2nd Year,3th Sem,B,EEE,88,59,95
1BG21EE536,Student536,2nd Year,3th Sem,B,EEE,89,89,74
1BG21EE537,Student537,2nd Year,3th Sem,B,EEE,79,78,95
1BG21EE538,Student538,2nd Year,3th Sem,C,EEE,88,78,59
1BG21EE539,Student539,2nd Year,3th Sem,C,EEE,94,99,100
1BG21EE540,Student540,2nd Year,3th Sem,C,EEE,92,98,65
1BG21EE541,Student541,2nd Year,3th Sem,C,EEE,82,97,85
1BG21EE542,Student542,2nd Year,3th Sem,C,EEE,94,100,100
1BG21EE543,Student543,2nd Year,3th Sem,C,EEE,55,96,50
1BG21EE544,Student544,2nd Year,3th Sem,C,EEE,69,91,91
1BG21EE545,Student545,2nd Year,3th Sem,C,EEE,62,93,81
1BG21EE546,Student546,2nd Year,3th Sem,C,EEE,75,88,59
1BG21EE547,Student547,2nd Year,3th Sem,C,EEE,68,79,93
1BG21EE548,Student548,2nd Year,3th Sem,C,EEE,75,59,90
1BG21EE549,Student549,2nd Year,3th Sem,C,EEE,59,92,67
1BG21EE550,Student550,2nd Year,3th Sem,C,EEE,96,95,84
1BG21EE551,Student551,2nd Year,3th Sem,C,EEE,84,85,66
1BG21EE552,Student552,2nd Year,3th Sem,C,EEE,75,81,71
1BG21AI553,Student553,2nd Year,4th Sem,A,AI,71,91,71
1BG21AI554,Student554,2nd Year,4th Sem,A,AI,93,62,65
1BG21AI555,Student555,2nd Year,4th Sem,A,AI,61,87,72
1BG21AI556,Student556,2nd Year,4th Sem,A,AI,79,83,63
1BG21AI557,Student557,2nd Year,4th Sem,A,AI,66,83,70
1BG21AI558,Student558,2nd Year,4th Sem,A,AI,54,84,59
1BG21AI559,Student559,2nd Year,4th Sem,A,AI,70,83,54
1BG21AI560,Student560,2nd Year,4th Sem,A,AI,87,62,70
1BG21AI561,Student561,2nd Year,4th Sem,A,AI,69,77,79
1BG21AI562,Student562,2nd Year,4th Sem,A,AI,61,91,86
1BG21AI563,Student563,2nd Year,4th Sem,A,AI,77,72,84
1BG21AI564,Student564,2nd Year,4th Sem,B,AI,81,92,98
1BG21AI565,Student565,2nd Year,4th Sem,B,AI,78,71,80
1BG21AI566,Student566,2nd Year,4th Sem,B,AI,95,74,72
1BG21AI567,Student567,2nd Year,4th Sem,B,AI,50,81,63
1BG21AI568,Student568,2nd Year,4th Sem,B,AI,54,85,73
1BG21AI569,Student569,2nd Year,4th Sem,B,AI,90,97,100
1BG21AI570,Student570,2nd Year,4th Sem,B,AI,58,100,88
1BG21AI571,Student571,2nd Year,4th Sem,B,AI,82,63,92
1BG21AI572,Student572,2nd Year,4th Sem,B,AI,99,96,70
1BG21AI573,Student573,2nd Year,4th Sem,B,AI,100,77,83
1BG21AI574,Student574,2nd Year,4th Sem,B,AI,99,63,59
1BG21AI575,Student575,2nd Year,4th Sem,C,AI,83,52,89
1BG21AI576,Student576,2nd Year,4th Sem,C,AI,100,61,51
1BG21AI577,Student577,2nd Year,4th Sem,C,AI,97,90,51
1BG21AI578,Student578,2nd Year,4th Sem,C,AI,72,62,54
1BG21AI579,Student579,2nd Year,4th Sem,C,AI,68,63,97
1BG21AI580,Student580,2nd Year,4th Sem,C,AI,89,94,97
1BG21AI581,Student581,2nd Year,4th Sem,C,AI,65,97,73
1BG21AI582,Student582,2nd Year,4th Sem,C,AI,59,87,85
1BG21AI583,Student583,2nd Year,4th Sem,C,AI,63,69,93
1BG21AI584,Student584,2nd Year,4th Sem,C,AI,60,98,65
1BG21AI585,Student585,2nd Year,4th Sem,C,AI,88,75,62
1BG21AI586,Student586,2nd Year,4th Sem,C,AI,98,68,84
1BG21ME587,Student587,2nd Year,4th Sem,A,ME,98,81,51
1BG21ME588,Student588,2nd Year,4th Sem,A,ME,59,77,96
1BG21ME589,Student589,2nd Year,4th Sem,A,ME,100,64,56
1BG21ME590,Student590,2nd Year,4th Sem,A,ME,73,55,79
1BG21ME591,Student591,2nd Year,4th Sem,A,ME,80,88,89
1BG21ME592,Student592,2nd Year,4th Sem,B,ME,81,92,85
1BG21ME593,Student593,2nd Year,4th Sem,B,ME,87,83,53
1BG21ME594,Student594,2nd Year,4th Sem,B,ME,65,72,90
1BG21ME595,Student595,2nd Year,4th Sem,B,ME,79,59,97
1BG21ME596,Student596,2nd Year,4th Sem,B,ME,53,87,94
1BG21ME597,Student597,2nd Year,4th Sem,B,ME,95,57,82
1BG21ME598,Student598,2nd Year,4th Sem,B,ME,78,89,66
1BG21ME599,Student599,2nd Year,4th Sem,B,ME,99,66,97
1BG21ME600,Student600,2nd Year,4th Sem,B,ME,62,100,51
1BG21ME601,Student601,2nd Year,4th Sem,B,ME,67,86,96
1BG21ME602,Student602,2nd Year,4th Sem,B,ME,96,51,55
1BG21ME603,Student603,2nd Year,4th Sem,C,ME,74,89,52
1BG21ME604,Student604,2nd Year,4th Sem,C,ME,53,50,57
1BG21ME605,Student605,2nd Year,4th Sem,C,ME,84,92,78
1BG21ME606,Student606,2nd Year,4th Sem,C,ME,73,84,50
1BG21ME607,Student607,2nd Year,4th Sem,C,ME,72,71,95
1BG21ME608,Student608,2nd Year,4th Sem,C,ME,75,75,75
1BG21ME609,Student609,2nd Year,4th Sem,C,ME,98,77,62
1BG21IS610,Student610,2nd Year,4th Sem,A,ISE,100,62,53
1BG21IS611,Student611,2nd Year,4th Sem,A,ISE,57,94,86
1BG21IS612,Student612,2nd Year,4th Sem,A,ISE,76,95,71
1BG21IS613,Student613,2nd Year,4th Sem,A,ISE,100,96,98
1BG21IS614,Student614,2nd Year,4th Sem,A,ISE,67,55,51
1BG21IS615,Student615,2nd Year,4th Sem,A,ISE,88,98,77
1BG21IS616,Student616,2nd Year,4th Sem,A,ISE,85,52,97
1BG21IS617,Student617,2nd Year,4th Sem,A,ISE,55,70,72
1BG21IS618,Student618,2nd Year,4th Sem,A,ISE,63,61,72
1BG21IS619,Student619,2nd Year,4th Sem,A,ISE,96,82,62
1BG21IS620,Student620,2nd Year,4th Sem,A,ISE,88,82,67
1BG21IS621,Student621,2nd Year,4th Sem,A,ISE,86,55,83
1BG21IS622,Student622,2nd Year,4th Sem,A,ISE,84,75,97
1BG21IS623,Student623,2nd Year,4th Sem,A,ISE,73,87,87
1BG21IS624,Student624,2nd Year,4th Sem,B,ISE,74,94,97
1BG21IS625,Student625,2nd Year,4th Sem,B,ISE,64,92,65
1BG21IS626,Student626,2nd Year,4th Sem,B,ISE,100,78,61
1BG21IS627,Student627,2nd Year,4th Sem,B,ISE,50,50,54
1BG21IS628,Student628,2nd Year,4th Sem,B,ISE,74,89,64
1BG21IS629,Student629,2nd Year,4th Sem,B,ISE,53,88,91
1BG21IS630,Student630,2nd Year,4th Sem,B,ISE,52,87,86
1BG21IS631,Student631,2nd Year,4th Sem,B,ISE,99,85,72
1BG21IS632,Student632,2nd Year,4th Sem,B,ISE,74,80,60
1BG21IS633,Student633,2nd Year,4th Sem,B,ISE,82,61,51
1BG21IS634,Student634,2nd Year,4th Sem,B,ISE,82,91,70
1BG21IS635,Student635,2nd Year,4th Sem,B,ISE,50,100,98
1BG21IS636,Student636,2nd Year,4th Sem,B,ISE,73,53,82
1BG21IS637,Student637,2nd Year,4th Sem,B,ISE,88,60,59
1BG21IS638,Student638,2nd Year,4th Sem,B,ISE,94,77,85
1BG21IS639,Student639,2nd Year,4th Sem,C,ISE,54,64,86
1BG21IS640,Student640,2nd Year,4th Sem,C,ISE,73,89,53
1BG21IS641,Student641,2nd Year,4th Sem,C,ISE,61,78,81
1BG21IS642,Student642,2nd Year,4th Sem,C,ISE,69,64,58
1BG21IS643,Student643,2nd Year,4th Sem,C,ISE,84,67,92
1BG21IS644,Student644,2nd Year,4th Sem,C,ISE,58,70,92
1BG21IS645,Student645,2nd Year,4th Sem,C,ISE,79,83,57
1BG21IS646,Student646,2nd Year,4th Sem,C,ISE,72,64,100
1BG21IS647,Student647,2nd Year,4th Sem,C,ISE,88,66,82
1BG21CS648,Student648,2nd Year,4th Sem,A,CSE,98,60,57
1BG21CS649,Student649,2nd Year,4th Sem,A,CSE,77,73,78
1BG21CS650,Student650,2nd Year,4th Sem,A,CSE,85,64,84
1BG21CS651,Student651,2nd Year,4th Sem,A,CSE,58,50,80
1BG21CS652,Student652,2nd Year,4th Sem,A,CSE,51,75,84
1BG21CS653,Student653,2nd Year,4th Sem,A,CSE,51,79,87
1BG21CS654,Student654,2nd Year,4th Sem,A,CSE,88,86,93
1BG21CS655,Student655,2nd Year,4th Sem,A,CSE,99,100,57
1BG21CS656,Student656,2nd Year,4th Sem,A,CSE,84,82,81
1BG21CS657,Student657,2nd Year,4th Sem,B,CSE,76,93,81
1BG21CS658,Student658,2nd Year,4th Sem,B,CSE,60,83,98
1BG21CS659,Student659,2nd Year,4th Sem,B,CSE,90,54,53
1BG21CS660,Student660,2nd Year,4th Sem,B,CSE,100,99,100
1BG21CS661,Student661,2nd Year,4th Sem,B,CSE,76,72,56
1BG21CS662,Student662,2nd Year,4th Sem,B,CSE,83,95,62
1BG21CS663,Student663,2nd Year,4th Sem,B,CSE,74,94,52
1BG21CS664,Student664,2nd Year,4th Sem,B,CSE,56,90,80
1BG21CS665,Student665,2nd Year,4th Sem,B,CSE,86,83,55
1BG21CS666,Student666,2nd Year,4th Sem,B,CSE,65,62,58
1BG21CS667,Student667,2nd Year,4th Sem,B,CSE,75,66,70
1BG21CS668,Student668,2nd Year,4th Sem,B,CSE,86,63,63
1BG21CS669,Student669,2nd Year,4th Sem,C,CSE,70,100,86
1BG21CS670,Student670,2nd Year,4th Sem,C,CSE,68,81,90
1BG21CS671,Student671,2nd Year,4th Sem,C,CSE,88,92,59
1BG21CS672,Student672,2nd Year,4th Sem,C,CSE,59,64,50
1BG21CS673,Student673,2nd Year,4th Sem,C,CSE,51,56,88
1BG21CS674,Student674,2nd Year,4th Sem,C,CSE,72,82,96
1BG21CS675,Student675,2nd Year,4th Sem,C,CSE,61,95,85
1BG21CS676,Student676,2nd Year,4th Sem,C,CSE,94,94,88
1BG21CS677,Student677,2nd Year,4th Sem,C,CSE,65,84,95
1BG21CS678,Student678,2nd Year,4th Sem,C,CSE,94,67,76
1BG21CS679,Student679,2nd Year,4th Sem,C,CSE,93,78,55
1BG21EC680,Student680,2nd Year,4th Sem,A,ECE,56,74,77
1BG21EC681,Student681,2nd Year,4th Sem,A,ECE,68,73,88
1BG21EC682,Student682,2nd Year,4th Sem,A,ECE,92,51,76
1BG21EC683,Student683,2nd Year,4th Sem,A,ECE,59,73,51
1BG21EC684,Student684,2nd Year,4th Sem,A,ECE,92,63,70
1BG21EC685,Student685,2nd Year,4th Sem,A,ECE,93,60,97
1BG21EC686,Student686,2nd Year,4th Sem,A,ECE,78,78,93
1BG21EC687,Student687,2nd Year,4th Sem,A,ECE,89,76,80
1BG21EC688,Student688,2nd Year,4th Sem,A,ECE,94,88,65
1BG21EC689,Student689,2nd Year,4th Sem,A,ECE,74,55,88
1BG21EC690,Student690,2nd Year,4th Sem,A,ECE,70,95,96
1BG21EC691,Student691,2nd Year,4th Sem,A,ECE,50,69,77
1BG21EC692,Student692,2nd Year,4th Sem,A,ECE,50,89,68
1BG21EC693,Student693,2nd Year,4th Sem,B,ECE,67,62,65
1BG21EC694,Student694,2nd Year,4th Sem,B,ECE,55,55,62
1BG21EC695,Student695,2nd Year,4th Sem,B,ECE,96,88,91
1BG21EC696,Student696,2nd Year,4th Sem,B,ECE,100,90,98
1BG21EC697,Student697,2nd Year,4th Sem,B,ECE,67,66,60
1BG21EC698,Student698,2nd Year,4th Sem,B,ECE,78,61,74
1BG21EC699,Student699,2nd Year,4th Sem,B,ECE,74,92,92
1BG21EC700,Student700,2nd Year,4th Sem,B,ECE,72,81,84
1BG21EC701,Student701,2nd Year,4th Sem,B,ECE,72,84,80
1BG21EC702,Student702,2nd Year,4th Sem,B,ECE,54,61,64
1BG21EC703,Student703,2nd Year,4th Sem,B,ECE,97,64,65
1BG21EC704,Student704,2nd Year,4th Sem,C,ECE,56,96,81
1BG21EC705,Student705,2nd Year,4th Sem,C,ECE,79,87,74
1BG21EC706,Student706,2nd Year,4th Sem,C,ECE,75,70,66
1BG21EC707,Student707,2nd Year,4th Sem,C,ECE,90,85,80
1BG21EC708,Student708,2nd Year,4th Sem,C,ECE,91,71,58
1BG21EC709,Student709,2nd Year,4th Sem,C,ECE,93,73,98
1BG21EC710,Student710,2nd Year,4th Sem,C,ECE,67,52,72
1BG21EC711,Student711,2nd Year,4th Sem,C,ECE,55,63,65
1BG21EC712,Student712,2nd Year,4th Sem,C,ECE,91,68,58
1BG21EC713,Student713,2nd Year,4th Sem,C,ECE,83,72,60
1BG21EC714,Student714,2nd Year,4th Sem,C,ECE,75,100,74
1BG21EC715,Student715,2nd Year,4th Sem,C,ECE,86,72,71
1BG21EC716,Student716,2nd Year,4th Sem,C,ECE,93,53,71
1BG21EC717,Student717,2nd Year,4th Sem,C,ECE,65,70,77
1BG21EE718,Student718,2nd Year,4th Sem,A,EEE,89,55,51
1BG21EE719,Student719,2nd Year,4th Sem,A,EEE,96,76,57
1BG21EE720,Student720,2nd Year,4th Sem,A,EEE,85,84,50
1BG21EE721,Student721,2nd Year,4th Sem,A,EEE,91,93,69
1BG21EE722,Student722,2nd Year,4th Sem,A,EEE,67,95,86
1BG21EE723,Student723,2nd Year,4th Sem,A,EEE,71,59,62
1BG21EE724,Student724,2nd Year,4th Sem,A,EEE,63,85,100
1BG21EE725,Student725,2nd Year,4th Sem,A,EEE,91,75,50
1BG21EE726,Student726,2nd Year,4th Sem,A,EEE,55,64,55
1BG21EE727,Student727,2nd Year,4th Sem,A,EEE,88,95,77
1BG21EE728,Student728,2nd Year,4th Sem,A,EEE,99,81,82
1BG21EE729,Student729,2nd Year,4th Sem,A,EEE,57,67,78
1BG21EE730,Student730,2nd Year,4th Sem,A,EEE,51,72,96
1BG21EE731,Student731,2nd Year,4th Sem,A,EEE,99,95,86
1BG21EE732,Student732,2nd Year,4th Sem,A,EEE,89,53,89
1BG21EE733,Student733,2nd Year,4th Sem,B,EEE,83,88,92
1BG21EE734,Student734,2nd Year,4th Sem,B,EEE,51,94,96
1BG21EE735,Student735,2nd Year,4th Sem,B,EEE,55,88,52
1BG21EE736,Student736,2nd Year,4th Sem,B,EEE,54,50,91
1BG21EE737,Student737,2nd Year,4th Sem,B,EEE,79,51,84
1BG21EE738,Student738,2nd Year,4th Sem,B,EEE,88,100,63
1BG21EE739,Student739,2nd Year,4th Sem,B,EEE,98,77,75
1BG21EE740,Student740,2nd Year,4th Sem,B,EEE,79,61,76
1BG21EE741,Student741,2nd Year,4th Sem,B,EEE,54,89,57
1BG21EE742,Student742,2nd Year,4th Sem,C,EEE,57,51,74
1BG21EE743,Student743,2nd Year,4th Sem,C,EEE,56,65,99
1BG21EE744,Student744,2nd Year,4th Sem,C,EEE,70,84,61
1BG21EE745,Student745,2nd Year,4th Sem,C,EEE,89,84,50
1BG21EE746,Student746,2nd Year,4th Sem,C,EEE,63,94,98
1BG21EE747,Student747,2nd Year,4th Sem,C,EEE,60,76,85
1BG21EE748,Student748,2nd Year,4th Sem,C,EEE,54,56,89
1BG21EE749,Student749,2nd Year,4th Sem,C,EEE,54,74,56
1BG21EE750,Student750,2nd Year,4th Sem,C,EEE,81,61,84
1BG21EE751,Student751,2nd Year,4th Sem,C,EEE,92,100,77
1BG21EE752,Student752,2nd Year,4th Sem,C,EEE,89,72,89
1BG21EE753,Student753,2nd Year,4th Sem,C,EEE,69,81,65
1BG21EE754,Student754,2nd Year,4th Sem,C,EEE,92,80,62
1BG21EE755,Student755,2nd Year,4th Sem,C,EEE,76,100,58
1BG21AI756,Student756,3rd Year,5th Sem,A,AI,87,88,68
1BG21AI757,Student757,3rd Year,5th Sem,A,AI,78,83,53
1BG21AI758,Student758,3rd Year,5th Sem,A,AI,60,62,65
1BG21AI759,Student759,3rd Year,5th Sem,A,AI,78,78,69
1BG21AI760,Student760,3rd Year,5th Sem,A,AI,86,90,58
1BG21AI761,Student761,3rd Year,5th Sem,A,AI,90,78,65
1BG21AI762,Student762,3rd Year,5th Sem,A,AI,65,52,77
1BG21AI763,Student763,3rd Year,5th Sem,A,AI,68,68,81
1BG21AI764,Student764,3rd Year,5th Sem,A,AI,81,66,50
1BG21AI765,Student765,3rd Year,5th Sem,A,AI,55,94,71
1BG21AI766,Student766,3rd Year,5th Sem,A,AI,64,74,58
1BG21AI767,Student767,3rd Year,5th Sem,B,AI,83,61,100
1BG21AI768,Student768,3rd Year,5th Sem,B,AI,85,83,53
1BG21AI769,Student769,3rd Year,5th Sem,B,AI,77,56,57
1BG21AI770,Student770,3rd Year,5th Sem,B,AI,50,53,84
1BG21AI771,Student771,3rd Year,5th Sem,B,AI,95,51,57
1BG21AI772,Student772,3rd Year,5th Sem,B,AI,51,89,90
1BG21AI773,Student773,3rd Year,5th Sem,B,AI,71,53,59
1BG21AI774,Student774,3rd Year,5th Sem,B,AI,74,97,58
1BG21AI775,Student775,3rd Year,5th Sem,B,AI,55,97,68
1BG21AI776,Student776,3rd Year,5th Sem,B,AI,96,92,72
1BG21AI777,Student777,3rd Year,5th Sem,B,AI,66,52,81
1BG21AI778,Student778,3rd Year,5th Sem,B,AI,55,61,96
1BG21AI779,Student779,3rd Year,5th Sem,C,AI,76,56,96
1BG21AI780,Student780,3rd Year,5th Sem,C,AI,81,85,60
1BG21AI781,Student781,3rd Year,5th Sem,C,AI,70,56,65
1BG21AI782,Student782,3rd Year,5th Sem,C,AI,59,85,62
1BG21AI783,Student783,3rd Year,5th Sem,C,AI,61,85,53
1BG21AI784,Student784,3rd Year,5th Sem,C,AI,96,86,87
1BG21AI785,Student785,3rd Year,5th Sem,C,AI,93,55,62
1BG21AI786,Student786,3rd Year,5th Sem,C,AI,88,70,71
1BG21AI787,Student787,3rd Year,5th Sem,C,AI,64,94,97
1BG21AI788,Student788,3rd Year,5th Sem,C,AI,79,65,56
1BG21ME789,Student789,3rd Year,5th Sem,A,ME,64,55,56
1BG21ME790,Student790,3rd Year,5th Sem,A,ME,94,53,63
1BG21ME791,Student791,3rd Year,5th Sem,A,ME,92,61,82
1BG21ME792,Student792,3rd Year,5th Sem,A,ME,69,89,74
1BG21ME793,Student793,3rd Year,5th Sem,A,ME,82,82,67
1BG21ME794,Student794,3rd Year,5th Sem,A,ME,70,80,70
1BG21ME795,Student795,3rd Year,5th Sem,A,ME,75,59,50
1BG21ME796,Student796,3rd Year,5th Sem,A,ME,80,54,94
1BG21ME797,Student797,3rd Year,5th Sem,A,ME,96,66,69
1BG21ME798,Student798,3rd Year,5th Sem,A,ME,81,97,90
1BG21ME799,Student799,3rd Year,5th Sem,A,ME,91,72,84
1BG21ME800,Student800,3rd Year,5th Sem,A,ME,86,75,96
1BG21ME801,Student801,3rd Year,5th Sem,A,ME,59,93,95
1BG21ME802,Student802,3rd Year,5th Sem,A,ME,68,93,78
1BG21ME803,Student803,3rd Year,5th Sem,A,ME,84,82,89
1BG21ME804,Student804,3rd Year,5th Sem,B,ME,53,61,96
1BG21ME805,Student805,3rd Year,5th Sem,B,ME,52,85,76
1BG21ME806,Student806,3rd Year,5th Sem,B,ME,61,84,88
1BG21ME807,Student807,3rd Year,5th Sem,B,ME,82,99,62
1BG21ME808,Student808,3rd Year,5th Sem,B,ME,84,69,93
1BG21ME809,Student809,3rd Year,5th Sem,B,ME,100,62,51
1BG21ME810,Student810,3rd Year,5th Sem,B,ME,74,91,91
1BG21ME811,Student811,3rd Year,5th Sem,B,ME,84,50,89
1BG21ME812,Student812,3rd Year,5th Sem,C,ME,93,66,50
1BG21ME813,Student813,3rd Year,5th Sem,C,ME,93,82,99
1BG21ME814,Student814,3rd Year,5th Sem,C,ME,93,76,100
1BG21ME815,Student815,3rd Year,5th Sem,C,ME,93,69,98
1BG21ME816,Student816,3rd Year,5th Sem,C,ME,86,97,63
1BG21ME817,Student817,3rd Year,5th Sem,C,ME,85,91,60
1BG21ME818,Student818,3rd Year,5th Sem,C,ME,53,58,58
1BG21ME819,Student819,3rd Year,5th Sem,C,ME,66,90,80
1BG21ME820,Student820,3rd Year,5th Sem,C,ME,60,53,88
1BG21ME821,Student821,3rd Year,5th Sem,C,ME,50,53,84
1BG21ME822,Student822,3rd Year,5th Sem,C,ME,91,66,81
1BG21ME823,Student823,3rd Year,5th Sem,C,ME,90,99,58
1BG21ME824,Student824,3rd Year,5th Sem,C,ME,97,73,82
1BG21ME825,Student825,3rd Year,5th Sem,C,ME,67,78,55
1BG21IS826,Student826,3rd Year,5th Sem,A,ISE,55,66,67
1BG21IS827,Student827,3rd Year,5th Sem,A,ISE,67,75,57
1BG21IS828,Student828,3rd Year,5th Sem,A,ISE,95,54,91
1BG21IS829,Student829,3rd Year,5th Sem,A,ISE,98,65,93
1BG21IS830,Student830,3rd Year,5th Sem,A,ISE,52,61,84
1BG21IS831,Student831,3rd Year,5th Sem,A,ISE,81,71,65
1BG21IS832,Student832,3rd Year,5th Sem,A,ISE,50,68,88
1BG21IS833,Student833,3rd Year,5th Sem,A,ISE,58,94,70
1BG21IS834,Student834,3rd Year,5th Sem,A,ISE,85,61,61
1BG21IS835,Student835,3rd Year,5th Sem,A,ISE,85,80,72
1BG21IS836,Student836,3rd Year,5th Sem,A,ISE,97,52,55
1BG21IS837,Student837,3rd Year,5th Sem,A,ISE,96,94,70
1BG21IS838,Student838,3rd Year,5th Sem,A,ISE,51,78,97
1BG21IS839,Student839,3rd Year,5th Sem,B,ISE,62,81,87
1BG21IS840,Student840,3rd Year,5th Sem,B,ISE,78,70,87
1BG21IS841,Student841,3rd Year,5th Sem,B,ISE,65,63,100
1BG21IS842,Student842,3rd Year,5th Sem,B,ISE,81,61,60
1BG21IS843,Student843,3rd Year,5th Sem,B,ISE,58,78,79
1BG21IS844,Student844,3rd Year,5th Sem,C,ISE,73,93,80
1BG21IS845,Student845,3rd Year,5th Sem,C,ISE,84,84,94
1BG21IS846,Student846,3rd Year,5th Sem,C,ISE,89,67,78
1BG21IS847,Student847,3rd Year,5th Sem,C,ISE,51,89,84
1BG21IS848,Student848,3rd Year,5th Sem,C,ISE,57,81,60
1BG21IS849,Student849,3rd Year,5th Sem,C,ISE,54,50,54
1BG21IS850,Student850,3rd Year,5th Sem,C,ISE,78,60,97
1BG21IS851,Student851,3rd Year,5th Sem,C,ISE,92,98,65
1BG21IS852,Student852,3rd Year,5th Sem,C,ISE,79,53,68
1BG21IS853,Student853,3rd Year,5th Sem,C,ISE,70,56,50
1BG21IS854,Student854,3rd Year,5th Sem,C,ISE,85,73,56
1BG21IS855,Student855,3rd Year,5th Sem,C,ISE,91,100,77
1BG21IS856,Student856,3rd Year,5th Sem,C,ISE,58,80,90
1BG21IS857,Student857,3rd Year,5th Sem,C,ISE,94,70,99
1BG21IS858,Student858,3rd Year,5th Sem,C,ISE,50,67,70
1BG21CS859,Student859,3rd Year,5th Sem,A,CSE,58,81,50
1BG21CS860,Student860,3rd Year,5th Sem,A,CSE,88,62,70
1BG21CS861,Student861,3rd Year,5th Sem,A,CSE,99,93,59
1BG21CS862,Student862,3rd Year,5th Sem,A,CSE,65,74,64
1BG21CS863,Student863,3rd Year,5th Sem,A,CSE,82,70,100
1BG21CS864,Student864,3rd Year,5th Sem,A,CSE,65,82,56
1BG21CS865,Student865,3rd Year,5th Sem,A,CSE,52,88,59
1BG21CS866,Student866,3rd Year,5th Sem,A,CSE,98,77,55
1BG21CS867,Student867,3rd Year,5th Sem,A,CSE,82,75,59
1BG21CS868,Student868,3rd Year,5th Sem,A,CSE,83,55,76
1BG21CS869,Student869,3rd Year,5th Sem,A,CSE,51,96,85
1BG21CS870,Student870,3rd Year,5th Sem,B,CSE,76,74,66
1BG21CS871,Student871,3rd Year,5th Sem,B,CSE,97,65,51
1BG21CS872,Student872,3rd Year,5th Sem,B,CSE,66,97,84
1BG21CS873,Student873,3rd Year,5th Sem,B,CSE,50,76,58
1BG21CS874,Student874,3rd Year,5th Sem,B,CSE,54,82,85
1BG21CS875,Student875,3rd Year,5th Sem,B,CSE,86,80,69
1BG21CS876,Student876,3rd Year,5th Sem,B,CSE,71,56,72
1BG21CS877,Student877,3rd Year,5th Sem,B,CSE,64,58,85
1BG21CS878,Student878,3rd Year,5th Sem,B,CSE,69,61,77
1BG21CS879,Student879,3rd Year,5th Sem,B,CSE,63,69,52
1BG21CS880,Student880,3rd Year,5th Sem,B,CSE,68,78,56
1BG21CS881,Student881,3rd Year,5th Sem,B,CSE,87,86,66
1BG21CS882,Student882,3rd Year,5th Sem,B,CSE,86,67,69
1BG21CS883,Student883,3rd Year,5th Sem,B,CSE,62,67,55
1BG21CS884,Student884,3rd Year,5th Sem,C,CSE,73,55,97
1BG21CS885,Student885,3rd Year,5th Sem,C,CSE,63,70,57
1BG21CS886,Student886,3rd Year,5th Sem,C,CSE,81,93,94
1BG21CS887,Student887,3rd Year,5th Sem,C,CSE,76,85,57
1BG21CS888,Student888,3rd Year,5th Sem,C,CSE,94,98,60
1BG21CS889,Student889,3rd Year,5th Sem,C,CSE,51,61,74
1BG21CS890,Student890,3rd Year,5th Sem,C,CSE,76,73,60
1BG21CS891,Student891,3rd Year,5th Sem,C,CSE,61,92,75
1BG21CS892,Student892,3rd Year,5th Sem,C,CSE,56,51,51
1BG21CS893,Student893,3rd Year,5th Sem,C,CSE,86,79,55
1BG21CS894,Student894,3rd Year,5th Sem,C,CSE,57,54,89
1BG21CS895,Student895,3rd Year,5th Sem,C,CSE,76,99,93
1BG21CS896,Student896,3rd Year,5th Sem,C,CSE,77,81,85
1BG21CS897,Student897,3rd Year,5th Sem,C,CSE,99,88,73
1BG21CS898,Student898,3rd Year,5th Sem,C,CSE,68,57,88
1BG21EC899,Student899,3rd Year,5th Sem,A,ECE,79,60,83
1BG21EC900,Student900,3rd Year,5th Sem,A,ECE,100,75,53
1BG21EC901,Student901,3rd Year,5th Sem,A,ECE,77,89,91
1BG21EC902,Student902,3rd Year,5th Sem,A,ECE,89,98,73
1BG21EC903,Student903,3rd Year,5th Sem,A,ECE,97,50,75
1BG21EC904,Student904,3rd Year,5th Sem,A,ECE,76,71,58
1BG21EC905,Student905,3rd Year,5th Sem,A,ECE,64,90,74
1BG21EC906,Student906,3rd Year,5th Sem,A,ECE,80,50,93
1BG21EC907,Student907,3rd Year,5th Sem,A,ECE,60,58,61
1BG21EC908,Student908,3rd Year,5th Sem,A,ECE,69,60,95
1BG21EC909,Student909,3rd Year,5th Sem,B,ECE,72,54,57
1BG21EC910,Student910,3rd Year,5th Sem,B,ECE,56,100,100
1BG21EC911,Student911,3rd Year,5th Sem,B,ECE,87,95,80
1BG21EC912,Student912,3rd Year,5th Sem,B,ECE,74,73,74
1BG21EC913,Student913,3rd Year,5th Sem,B,ECE,72,56,70
1BG21EC914,Student914,3rd Year,5th Sem,B,ECE,67,73,99
1BG21EC915,Student915,3rd Year,5th Sem,B,ECE,84,77,63
1BG21EC916,Student916,3rd Year,5th Sem,B,ECE,71,50,75
1BG21EC917,Student917,3rd Year,5th Sem,B,ECE,66,86,69
1BG21EC918,Student918,3rd Year,5th Sem,C,ECE,68,69,75
1BG21EC919,Student919,3rd Year,5th Sem,C,ECE,53,70,69
1BG21EC920,Student920,3rd Year,5th Sem,C,ECE,74,62,50
1BG21EC921,Student921,3rd Year,5th Sem,C,ECE,55,54,63
1BG21EC922,Student922,3rd Year,5th Sem,C,ECE,60,67,84
1BG21EC923,Student923,3rd Year,5th Sem,C,ECE,99,69,59
1BG21EC924,Student924,3rd Year,5th Sem,C,ECE,54,91,65
1BG21EC925,Student925,3rd Year,5th Sem,C,ECE,52,75,99
1BG21EC926,Student926,3rd Year,5th Sem,C,ECE,90,76,64
1BG21EC927,Student927,3rd Year,5th Sem,C,ECE,61,98,71
1BG21EC928,Student928,3rd Year,5th Sem,C,ECE,53,56,53
1BG21EC929,Student929,3rd Year,5th Sem,C,ECE,52,91,70
1BG21EC930,Student930,3rd Year,5th Sem,C,ECE,73,63,63
1BG21EE931,Student931,3rd Year,5th Sem,A,EEE,58,63,70
1BG21EE932,Student932,3rd Year,5th Sem,A,EEE,92,73,94
1BG21EE933,Student933,3rd Year,5th Sem,A,EEE,75,96,51
1BG21EE934,Student934,3rd Year,5th Sem,A,EEE,70,64,58
1BG21EE935,Student935,3rd Year,5th Sem,A,EEE,50,75,75
1BG21EE936,Student936,3rd Year,5th Sem,A,EEE,58,89,93
1BG21EE937,Student937,3rd Year,5th Sem,A,EEE,98,94,63
1BG21EE938,Student938,3rd Year,5th Sem,A,EEE,90,86,96
1BG21EE939,Student939,3rd Year,5th Sem,A,EEE,83,52,70
1BG21EE940,Student940,3rd Year,5th Sem,B,EEE,64,58,68
1BG21EE941,Student941,3rd Year,5th Sem,B,EEE,99,82,52
1BG21EE942,Student942,3rd Year,5th Sem,B,EEE,90,81,69
1BG21EE943,Student943,3rd Year,5th Sem,B,EEE,90,71,55
1BG21EE944,Student944,3rd Year,5th Sem,B,EEE,81,65,85
1BG21EE945,Student945,3rd Year,5th Sem,B,EEE,81,91,99
1BG21EE946,Student946,3rd Year,5th Sem,B,EEE,57,64,75
1BG21EE947,Student947,3rd Year,5th Sem,B,EEE,73,74,53
1BG21EE948,Student948,3rd Year,5th Sem,C,EEE,91,92,51
1BG21EE949,Student949,3rd Year,5th Sem,C,EEE,81,80,66
1BG21EE950,Student950,3rd Year,5th Sem,C,EEE,77,80,74
1BG21EE951,Student951,3rd Year,5th Sem,C,EEE,65,62,81
1BG21EE952,Student952,3rd Year,5th Sem,C,EEE,86,88,77
1BG21EE953,Student953,3rd Year,5th Sem,C,EEE,85,76,82
1BG21EE954,Student954,3rd Year,5th Sem,C,EEE,96,94,51
1BG21EE955,Student955,3rd Year,5th Sem,C,EEE,93,94,76
1BG21EE956,Student956,3rd Year,5th Sem,C,EEE,76,99,65
1BG21EE957,Student957,3rd Year,5th Sem,C,EEE,80,74,55
1BG21EE958,Student958,3rd Year,5th Sem,C,EEE,52,70,70
1BG21EE959,Student959,3rd Year,5th Sem,C,EEE,82,91,51
1BG21AI960,Student960,3rd Year,6th Sem,A,AI,50,51,59
1BG21AI961,Student961,3rd Year,6th Sem,A,AI,89,81,92
1BG21AI962,Student962,3rd Year,6th Sem,A,AI,95,83,67
1BG21AI963,Student963,3rd Year,6th Sem,A,AI,70,64,96
1BG21AI964,Student964,3rd Year,6th Sem,A,AI,55,83,54
1BG21AI965,Student965,3rd Year,6th Sem,B,AI,56,79,96
1BG21AI966,Student966,3rd Year,6th Sem,B,AI,66,58,55
1BG21AI967,Student967,3rd Year,6th Sem,B,AI,59,84,72
1BG21AI968,Student968,3rd Year,6th Sem,B,AI,82,87,51
1BG21AI969,Student969,3rd Year,6th Sem,B,AI,96,63,68
1BG21AI970,Student970,3rd Year,6th Sem,B,AI,80,98,78
1BG21AI971,Student971,3rd Year,6th Sem,B,AI,54,50,87
1BG21AI972,Student972,3rd Year,6th Sem,B,AI,78,62,100
1BG21AI973,Student973,3rd Year,6th Sem,B,AI,86,69,57
1BG21AI974,Student974,3rd Year,6th Sem,B,AI,56,85,52
1BG21AI975,Student975,3rd Year,6th Sem,B,AI,95,63,95
1BG21AI976,Student976,3rd Year,6th Sem,B,AI,76,100,66
1BG21AI977,Student977,3rd Year,6th Sem,C,AI,66,78,70
1BG21AI978,Student978,3rd Year,6th Sem,C,AI,92,95,88
1BG21AI979,Student979,3rd Year,6th Sem,C,AI,98,90,96
1BG21AI980,Student980,3rd Year,6th Sem,C,AI,99,54,54
1BG21AI981,Student981,3rd Year,6th Sem,C,AI,97,95,50
1BG21AI982,Student982,3rd Year,6th Sem,C,AI,86,89,75
1BG21AI983,Student983,3rd Year,6th Sem,C,AI,51,86,91
1BG21AI984,Student984,3rd Year,6th Sem,C,AI,65,74,62
1BG21AI985,Student985,3rd Year,6th Sem,C,AI,95,61,88
1BG21ME986,Student986,3rd Year,6th Sem,A,ME,82,67,50
1BG21ME987,Student987,3rd Year,6th Sem,A,ME,80,74,72
1BG21ME988,Student988,3rd Year,6th Sem,A,ME,66,52,86
1BG21ME989,Student989,3rd Year,6th Sem,A,ME,72,99,86
1BG21ME990,Student990,3rd Year,6th Sem,A,ME,68,50,76
1BG21ME991,Student991,3rd Year,6th Sem,A,ME,51,66,66
1BG21ME992,Student992,3rd Year,6th Sem,B,ME,85,80,82
1BG21ME993,Student993,3rd Year,6th Sem,B,ME,59,95,68
1BG21ME994,Student994,3rd Year,6th Sem,B,ME,94,59,84
1BG21ME995,Student995,3rd Year,6th Sem,B,ME,81,69,64
1BG21ME996,Student996,3rd Year,6th Sem,B,ME,99,91,55
1BG21ME997,Student997,3rd Year,6th Sem,C,ME,68,56,89
1BG21ME998,Student998,3rd Year,6th Sem,C,ME,67,65,57
1BG21ME999,Student999,3rd Year,6th Sem,C,ME,100,69,62
1BG21ME1000,Student1000,3rd Year,6th Sem,C,ME,91,84,53
1BG21ME1001,Student1001,3rd Year,6th Sem,C,ME,81,98,51
1BG21ME1002,Student1002,3rd Year,6th Sem,C,ME,95,77,81
1BG21ME1003,Student1003,3rd Year,6th Sem,C,ME,63,90,90
1BG21ME1004,Student1004,3rd Year,6th Sem,C,ME,54,72,57
1BG21ME1005,Student1005,3rd Year,6th Sem,C,ME,89,71,65
1BG21ME1006,Student1006,3rd Year,6th Sem,C,ME,83,59,88
1BG21ME1007,Student1007,3rd Year,6th Sem,C,ME,100,80,54
1BG21ME1008,Student1008,3rd Year,6th Sem,C,ME,92,91,76
1BG21ME1009,Student1009,3rd Year,6th Sem,C,ME,69,67,67
1BG21IS1010,Student1010,3rd Year,6th Sem,A,ISE,99,90,84
1BG21IS1011,Student1011,3rd Year,6th Sem,A,ISE,84,69,86
1BG21IS1012,Student1012,3rd Year,6th Sem,A,ISE,84,92,84
1BG21IS1013,Student1013,3rd Year,6th Sem,A,ISE,63,64,82
1BG21IS1014,Student1014,3rd Year,6th Sem,A,ISE,94,91,60
1BG21IS1015,Student1015,3rd Year,6th Sem,A,ISE,78,66,97
1BG21IS1016,Student1016,3rd Year,6th Sem,A,ISE,51,85,50
1BG21IS1017,Student1017,3rd Year,6th Sem,B,ISE,88,61,57
1BG21IS1018,Student1018,3rd Year,6th Sem,B,ISE,96,54,80
1BG21IS1019,Student1019,3rd Year,6th Sem,B,ISE,84,54,51
1BG21IS1020,Student1020,3rd Year,6th Sem,B,ISE,76,91,80
1BG21IS1021,Student1021,3rd Year,6th Sem,B,ISE,88,62,91
1BG21IS1022,Student1022,3rd Year,6th Sem,B,ISE,83,55,94
1BG21IS1023,Student1023,3rd Year,6th Sem,B,ISE,60,72,84
1BG21IS1024,Student1024,3rd Year,6th Sem,B,ISE,89,72,71
1BG21IS1025,Student1025,3rd Year,6th Sem,B,ISE,54,60,93
1BG21IS1026,Student1026,3rd Year,6th Sem,C,ISE,67,70,66
1BG21IS1027,Student1027,3rd Year,6th Sem,C,ISE,59,70,65
1BG21IS1028,Student1028,3rd Year,6th Sem,C,ISE,94,51,63
1BG21IS1029,Student1029,3rd Year,6th Sem,C,ISE,73,78,95
1BG21IS1030,Student1030,3rd Year,6th Sem,C,ISE,86,71,69
1BG21IS1031,Student1031,3rd Year,6th Sem,C,ISE,92,51,68
1BG21IS1032,Student1032,3rd Year,6th Sem,C,ISE,69,80,99
1BG21IS1033,Student1033,3rd Year,6th Sem,C,ISE,67,52,99
1BG21IS1034,Student1034,3rd Year,6th Sem,C,ISE,67,73,59
1BG21IS1035,Student1035,3rd Year,6th Sem,C,ISE,81,85,76
1BG21IS1036,Student1036,3rd Year,6th Sem,C,ISE,62,64,91
1BG21IS1037,Student1037,3rd Year,6th Sem,C,ISE,67,94,67
1BG21CS1038,Student1038,3rd Year,6th Sem,A,CSE,98,99,92
1BG21CS1039,Student1039,3rd Year,6th Sem,A,CSE,83,85,78
1BG21CS1040,Student1040,3rd Year,6th Sem,A,CSE,68,88,96
1BG21CS1041,Student1041,3rd Year,6th Sem,A,CSE,76,68,96
1BG21CS1042,Student1042,3rd Year,6th Sem,A,CSE,98,52,96
1BG21CS1043,Student1043,3rd Year,6th Sem,A,CSE,100,61,64
1BG21CS1044,Student1044,3rd Year,6th Sem,A,CSE,64,93,84
1BG21CS1045,Student1045,3rd Year,6th Sem,A,CSE,84,84,68
1BG21CS1046,Student1046,3rd Year,6th Sem,A,CSE,61,61,62
1BG21CS1047,Student1047,3rd Year,6th Sem,A,CSE,97,89,89
1BG21CS1048,Student1048,3rd Year,6th Sem,A,CSE,95,79,72
1BG21CS1049,Student1049,3rd Year,6th Sem,B,CSE,76,75,79
1BG21CS1050,Student1050,3rd Year,6th Sem,B,CSE,53,86,78
1BG21CS1051,Student1051,3rd Year,6th Sem,B,CSE,56,57,57
1BG21CS1052,Student1052,3rd Year,6th Sem,B,CSE,94,85,65
1BG21CS1053,Student1053,3rd Year,6th Sem,B,CSE,96,60,51
1BG21CS1054,Student1054,3rd Year,6th Sem,B,CSE,99,82,50
1BG21CS1055,Student1055,3rd Year,6th Sem,B,CSE,63,97,100
1BG21CS1056,Student1056,3rd Year,6th Sem,B,CSE,55,82,99
1BG21CS1057,Student1057,3rd Year,6th Sem,B,CSE,97,51,52
1BG21CS1058,Student1058,3rd Year,6th Sem,B,CSE,55,100,96
1BG21CS1059,Student1059,3rd Year,6th Sem,C,CSE,72,99,99
1BG21CS1060,Student1060,3rd Year,6th Sem,C,CSE,55,67,67
1BG21CS1061,Student1061,3rd Year,6th Sem,C,CSE,92,68,92
1BG21CS1062,Student1062,3rd Year,6th Sem,C,CSE,51,50,83
1BG21CS1063,Student1063,3rd Year,6th Sem,C,CSE,55,78,67
1BG21CS1064,Student1064,3rd Year,6th Sem,C,CSE,86,64,91
1BG21CS1065,Student1065,3rd Year,6th Sem,C,CSE,75,88,98
1BG21CS1066,Student1066,3rd Year,6th Sem,C,CSE,86,89,51
1BG21CS1067,Student1067,3rd Year,6th Sem,C,CSE,89,93,78
1BG21CS1068,Student1068,3rd Year,6th Sem,C,CSE,59,96,99
1BG21CS1069,Student1069,3rd Year,6th Sem,C,CSE,86,97,53
1BG21CS1070,Student1070,3rd Year,6th Sem,C,CSE,59,57,94
1BG21CS1071,Student1071,3rd Year,6th Sem,C,CSE,76,55,58
1BG21CS1072,Student1072,3rd Year,6th Sem,C,CSE,70,92,59
1BG21CS1073,Student1073,3rd Year,6th Sem,C,CSE,71,89,87
1BG21EC1074,Student1074,3rd Year,6th Sem,A,ECE,59,56,61
1BG21EC1075,Student1075,3rd Year,6th Sem,A,ECE,60,68,89
1BG21EC1076,Student1076,3rd Year,6th Sem,A,ECE,82,50,52
1BG21EC1077,Student1077,3rd Year,6th Sem,A,ECE,87,98,62
1BG21EC1078,Student1078,3rd Year,6th Sem,A,ECE,69,70,83
1BG21EC1079,Student1079,3rd Year,6th Sem,A,ECE,74,99,57
1BG21EC1080,Student1080,3rd Year,6th Sem,A,ECE,59,91,55
1BG21EC1081,Student1081,3rd Year,6th Sem,A,ECE,69,94,99
1BG21EC1082,Student1082,3rd Year,6th Sem,B,ECE,78,95,79
1BG21EC1083,Student1083,3rd Year,6th Sem,B,ECE,56,94,81
1BG21EC1084,Student1084,3rd Year,6th Sem,B,ECE,84,86,84
1BG21EC1085,Student1085,3rd Year,6th Sem,B,ECE,59,51,76
1BG21EC1086,Student1086,3rd Year,6th Sem,B,ECE,61,62,74
1BG21EC1087,Student1087,3rd Year,6th Sem,B,ECE,73,98,75
1BG21EC1088,Student1088,3rd Year,6th Sem,B,ECE,83,54,78
1BG21EC1089,Student1089,3rd Year,6th Sem,B,ECE,76,91,85
1BG21EC1090,Student1090,3rd Year,6th Sem,B,ECE,83,87,81
1BG21EC1091,Student1091,3rd Year,6th Sem,B,ECE,67,87,80
1BG21EC1092,Student1092,3rd Year,6th Sem,B,ECE,59,93,97
1BG21EC1093,Student1093,3rd Year,6th Sem,C,ECE,65,95,58
1BG21EC1094,Student1094,3rd Year,6th Sem,C,ECE,85,72,96
1BG21EC1095,Student1095,3rd Year,6th Sem,C,ECE,58,53,83
1BG21EC1096,Student1096,3rd Year,6th Sem,C,ECE,95,50,96
1BG21EC1097,Student1097,3rd Year,6th Sem,C,ECE,76,81,90
1BG21EC1098,Student1098,3rd Year,6th Sem,C,ECE,60,50,55
1BG21EC1099,Student1099,3rd Year,6th Sem,C,ECE,54,90,78
1BG21EC1100,Student1100,3rd Year,6th Sem,C,ECE,72,55,55
1BG21EC1101,Student1101,3rd Year,6th Sem,C,ECE,92,88,89
1BG21EC1102,Student1102,3rd Year,6th Sem,C,ECE,53,96,96
1BG21EE1103,Student1103,3rd Year,6th Sem,A,EEE,57,78,57
1BG21EE1104,Student1104,3rd Year,6th Sem,A,EEE,71,90,74
1BG21EE1105,Student1105,3rd Year,6th Sem,A,EEE,86,77,87
1BG21EE1106,Student1106,3rd Year,6th Sem,A,EEE,67,100,97
1BG21EE1107,Student1107,3rd Year,6th Sem,A,EEE,95,89,68
1BG21EE1108,Student1108,3rd Year,6th Sem,A,EEE,99,80,93
1BG21EE1109,Student1109,3rd Year,6th Sem,A,EEE,90,78,63
1BG21EE1110,Student1110,3rd Year,6th Sem,A,EEE,81,69,58
1BG21EE1111,Student1111,3rd Year,6th Sem,A,EEE,60,70,88
1BG21EE1112,Student1112,3rd Year,6th Sem,A,EEE,84,64,53
1BG21EE1113,Student1113,3rd Year,6th Sem,A,EEE,64,58,65
1BG21EE1114,Student1114,3rd Year,6th Sem,A,EEE,93,84,59
1BG21EE1115,Student1115,3rd Year,6th Sem,A,EEE,78,53,73
1BG21EE1116,Student1116,3rd Year,6th Sem,A,EEE,60,77,75
1BG21EE1117,Student1117,3rd Year,6th Sem,B,EEE,78,91,52
1BG21EE1118,Student1118,3rd Year,6th Sem,B,EEE,76,68,70
1BG21EE1119,Student1119,3rd Year,6th Sem,B,EEE,76,85,88
1BG21EE1120,Student1120,3rd Year,6th Sem,B,EEE,83,77,85
1BG21EE1121,Student1121,3rd Year,6th Sem,B,EEE,54,73,87
1BG21EE1122,Student1122,3rd Year,6th Sem,B,EEE,68,57,59
1BG21EE1123,Student1123,3rd Year,6th Sem,B,EEE,95,70,60
1BG21EE1124,Student1124,3rd Year,6th Sem,B,EEE,70,96,75
1BG21EE1125,Student1125,3rd Year,6th Sem,B,EEE,87,59,64
1BG21EE1126,Student1126,3rd Year,6th Sem,B,EEE,50,95,63
1BG21EE1127,Student1127,3rd Year,6th Sem,B,EEE,99,65,65
1BG21EE1128,Student1128,3rd Year,6th Sem,B,EEE,65,92,82
1BG21EE1129,Student1129,3rd Year,6th Sem,B,EEE,64,70,73
1BG21EE1130,Student1130,3rd Year,6th Sem,B,EEE,79,79,57
1BG21EE1131,Student1131,3rd Year,6th Sem,B,EEE,79,97,67
1BG21EE1132,Student1132,3rd Year,6th Sem,C,EEE,67,95,86
1BG21EE1133,Student1133,3rd Year,6th Sem,C,EEE,86,56,65
1BG21EE1134,Student1134,3rd Year,6th Sem,C,EEE,96,94,66
1BG21EE1135,Student1135,3rd Year,6th Sem,C,EEE,92,86,59
1BG21EE1136,Student1136,3rd Year,6th Sem,C,EEE,90,93,71
1BG21EE1137,Student1137,3rd Year,6th Sem,C,EEE,56,57,65
1BG21EE1138,Student1138,3rd Year,6th Sem,C,EEE,78,84,82
1BG21EE1139,Student1139,3rd Year,6th Sem,C,EEE,90,51,99
1BG21AI1140,Student1140,4th Year,7th Sem,A,AI,98,84,76
1BG21AI1141,Student1141,4th Year,7th Sem,A,AI,72,89,94
1BG21AI1142,Student1142,4th Year,7th Sem,A,AI,53,73,96
1BG21AI1143,Student1143,4th Year,7th Sem,A,AI,59,82,50
1BG21AI1144,Student1144,4th Year,7th Sem,A,AI,67,82,67
1BG21AI1145,Student1145,4th Year,7th Sem,A,AI,74,52,53
1BG21AI1146,Student1146,4th Year,7th Sem,A,AI,66,79,71
1BG21AI1147,Student1147,4th Year,7th Sem,A,AI,96,68,88
1BG21AI1148,Student1148,4th Year,7th Sem,A,AI,78,73,79
1BG21AI1149,Student1149,4th Year,7th Sem,A,AI,96,69,76
1BG21AI1150,Student1150,4th Year,7th Sem,A,AI,77,94,83
1BG21AI1151,Student1151,4th Year,7th Sem,A,AI,99,67,85
1BG21AI1152,Student1152,4th Year,7th Sem,B,AI,86,59,52
1BG21AI1153,Student1153,4th Year,7th Sem,B,AI,74,75,80
1BG21AI1154,Student1154,4th Year,7th Sem,B,AI,98,68,79
1BG21AI1155,Student1155,4th Year,7th Sem,B,AI,74,87,72
1BG21AI1156,Student1156,4th Year,7th Sem,B,AI,85,55,72
1BG21AI1157,Student1157,4th Year,7th Sem,B,AI,87,82,61
1BG21AI1158,Student1158,4th Year,7th Sem,B,AI,70,53,63
1BG21AI1159,Student1159,4th Year,7th Sem,B,AI,62,93,57
1BG21AI1160,Student1160,4th Year,7th Sem,B,AI,91,71,65
1BG21AI1161,Student1161,4th Year,7th Sem,B,AI,60,91,85
1BG21AI1162,Student1162,4th Year,7th Sem,B,AI,51,50,83
1BG21AI1163,Student1163,4th Year,7th Sem,B,AI,52,76,91
1BG21AI1164,Student1164,4th Year,7th Sem,B,AI,55,77,82
1BG21AI1165,Student1165,4th Year,7th Sem,B,AI,89,73,92
1BG21AI1166,Student1166,4th Year,7th Sem,B,AI,93,86,61
1BG21AI1167,Student1167,4th Year,7th Sem,C,AI,86,71,73
1BG21AI1168,Student1168,4th Year,7th Sem,C,AI,67,87,86
1BG21AI1169,Student1169,4th Year,7th Sem,C,AI,79,62,60
1BG21AI1170,Student1170,4th Year,7th Sem,C,AI,54,93,55
1BG21AI1171,Student1171,4th Year,7th Sem,C,AI,85,58,91
1BG21ME1172,Student1172,4th Year,7th Sem,A,ME,76,76,70
1BG21ME1173,Student1173,4th Year,7th Sem,A,ME,69,74,89
1BG21ME1174,Student1174,4th Year,7th Sem,A,ME,97,73,65
1BG21ME1175,Student1175,4th Year,7th Sem,A,ME,99,91,94
1BG21ME1176,Student1176,4th Year,7th Sem,A,ME,61,92,59
1BG21ME1177,Student1177,4th Year,7th Sem,A,ME,66,85,58
1BG21ME1178,Student1178,4th Year,7th Sem,A,ME,86,62,97
1BG21ME1179,Student1179,4th Year,7th Sem,A,ME,55,59,63
1BG21ME1180,Student1180,4th Year,7th Sem,B,ME,70,53,78
1BG21ME1181,Student1181,4th Year,7th Sem,B,ME,61,84,73
1BG21ME1182,Student1182,4th Year,7th Sem,B,ME,65,75,79
1BG21ME1183,Student1183,4th Year,7th Sem,B,ME,64,72,95
1BG21ME1184,Student1184,4th Year,7th Sem,B,ME,96,82,75
1BG21ME1185,Student1185,4th Year,7th Sem,B,ME,62,53,99
1BG21ME1186,Student1186,4th Year,7th Sem,B,ME,99,80,91
1BG21ME1187,Student1187,4th Year,7th Sem,B,ME,73,58,99
1BG21ME1188,Student1188,4th Year,7th Sem,B,ME,62,71,75
1BG21ME1189,Student1189,4th Year,7th Sem,B,ME,78,99,91
1BG21ME1190,Student1190,4th Year,7th Sem,B,ME,78,69,92
1BG21ME1191,Student1191,4th Year,7th Sem,B,ME,88,57,71
1BG21ME1192,Student1192,4th Year,7th Sem,C,ME,80,78,51
1BG21ME1193,Student1193,4th Year,7th Sem,C,ME,88,98,88
1BG21ME1194,Student1194,4th Year,7th Sem,C,ME,90,85,87
1BG21ME1195,Student1195,4th Year,7th Sem,C,ME,52,90,84
1BG21ME1196,Student1196,4th Year,7th Sem,C,ME,73,78,51
1BG21ME1197,Student1197,4th Year,7th Sem,C,ME,78,71,87
1BG21ME1198,Student1198,4th Year,7th Sem,C,ME,64,90,70
1BG21ME1199,Student1199,4th Year,7th Sem,C,ME,96,66,57
1BG21ME1200,Student1200,4th Year,7th Sem,C,ME,77,74,89
1BG21IS1201,Student1201,4th Year,7th Sem,A,ISE,61,91,93
1BG21IS1202,Student1202,4th Year,7th Sem,A,ISE,74,56,68
1BG21IS1203,Student1203,4th Year,7th Sem,A,ISE,78,100,71
1BG21IS1204,Student1204,4th Year,7th Sem,A,ISE,95,81,83
1BG21IS1205,Student1205,4th Year,7th Sem,A,ISE,95,90,90
1BG21IS1206,Student1206,4th Year,7th Sem,A,ISE,85,63,57
1BG21IS1207,Student1207,4th Year,7th Sem,A,ISE,95,75,61
1BG21IS1208,Student1208,4th Year,7th Sem,A,ISE,93,100,69
1BG21IS1209,Student1209,4th Year,7th Sem,A,ISE,50,63,59
1BG21IS1210,Student1210,4th Year,7th Sem,A,ISE,69,77,68
1BG21IS1211,Student1211,4th Year,7th Sem,A,ISE,84,54,90
1BG21IS1212,Student1212,4th Year,7th Sem,A,ISE,97,89,97
1BG21IS1213,Student1213,4th Year,7th Sem,A,ISE,71,63,90
1BG21IS1214,Student1214,4th Year,7th Sem,A,ISE,62,76,84
1BG21IS1215,Student1215,4th Year,7th Sem,B,ISE,88,54,92
1BG21IS1216,Student1216,4th Year,7th Sem,B,ISE,99,92,71
1BG21IS1217,Student1217,4th Year,7th Sem,B,ISE,75,62,82
1BG21IS1218,Student1218,4th Year,7th Sem,B,ISE,90,83,60
1BG21IS1219,Student1219,4th Year,7th Sem,B,ISE,84,70,97
1BG21IS1220,Student1220,4th Year,7th Sem,B,ISE,62,65,97
1BG21IS1221,Student1221,4th Year,7th Sem,C,ISE,55,51,73
1BG21IS1222,Student1222,4th Year,7th Sem,C,ISE,77,97,94
1BG21IS1223,Student1223,4th Year,7th Sem,C,ISE,71,62,64
1BG21IS1224,Student1224,4th Year,7th Sem,C,ISE,62,74,59
1BG21IS1225,Student1225,4th Year,7th Sem,C,ISE,84,72,89
1BG21IS1226,Student1226,4th Year,7th Sem,C,ISE,86,82,73
1BG21CS1227,Student1227,4th Year,7th Sem,A,CSE,91,63,60
1BG21CS1228,Student1228,4th Year,7th Sem,A,CSE,72,74,99
1BG21CS1229,Student1229,4th Year,7th Sem,A,CSE,82,72,82
1BG21CS1230,Student1230,4th Year,7th Sem,A,CSE,85,55,79
1BG21CS1231,Student1231,4th Year,7th Sem,A,CSE,65,67,95
1BG21CS1232,Student1232,4th Year,7th Sem,A,CSE,73,84,86
1BG21CS1233,Student1233,4th Year,7th Sem,A,CSE,100,90,53
1BG21CS1234,Student1234,4th Year,7th Sem,A,CSE,61,62,85
1BG21CS1235,Student1235,4th Year,7th Sem,A,CSE,52,52,76
1BG21CS1236,Student1236,4th Year,7th Sem,A,CSE,82,89,61
1BG21CS1237,Student1237,4th Year,7th Sem,B,CSE,60,56,62
1BG21CS1238,Student1238,4th Year,7th Sem,B,CSE,80,73,70
1BG21CS1239,Student1239,4th Year,7th Sem,B,CSE,63,98,90
1BG21CS1240,Student1240,4th Year,7th Sem,B,CSE,57,89,62
1BG21CS1241,Student1241,4th Year,7th Sem,B,CSE,86,83,56
1BG21CS1242,Student1242,4th Year,7th Sem,C,CSE,89,79,59
1BG21CS1243,Student1243,4th Year,7th Sem,C,CSE,77,75,75
1BG21CS1244,Student1244,4th Year,7th Sem,C,CSE,74,97,72
1BG21CS1245,Student1245,4th Year,7th Sem,C,CSE,92,84,80
1BG21CS1246,Student1246,4th Year,7th Sem,C,CSE,50,69,58
1BG21CS1247,Student1247,4th Year,7th Sem,C,CSE,94,68,98
1BG21CS1248,Student1248,4th Year,7th Sem,C,CSE,90,53,97
1BG21EC1249,Student1249,4th Year,7th Sem,A,ECE,50,73,68
1BG21EC1250,Student1250,4th Year,7th Sem,A,ECE,84,80,74
1BG21EC1251,Student1251,4th Year,7th Sem,A,ECE,84,93,95
1BG21EC1252,Student1252,4th Year,7th Sem,A,ECE,58,79,71
1BG21EC1253,Student1253,4th Year,7th Sem,A,ECE,64,72,67
1BG21EC1254,Student1254,4th Year,7th Sem,A,ECE,79,57,85
1BG21EC1255,Student1255,4th Year,7th Sem,A,ECE,89,90,71
1BG21EC1256,Student1256,4th Year,7th Sem,A,ECE,55,54,88
1BG21EC1257,Student1257,4th Year,7th Sem,B,ECE,56,95,83
1BG21EC1258,Student1258,4th Year,7th Sem,B,ECE,85,69,56
1BG21EC1259,Student1259,4th Year,7th Sem,B,ECE,73,92,89
1BG21EC1260,Student1260,4th Year,7th Sem,B,ECE,76,67,88
1BG21EC1261,Student1261,4th Year,7th Sem,B,ECE,55,54,87
1BG21EC1262,Student1262,4th Year,7th Sem,B,ECE,61,64,63
1BG21EC1263,Student1263,4th Year,7th Sem,B,ECE,97,61,93
1BG21EC1264,Student1264,4th Year,7th Sem,B,ECE,50,76,62
1BG21EC1265,Student1265,4th Year,7th Sem,B,ECE,92,53,55
1BG21EC1266,Student1266,4th Year,7th Sem,B,ECE,83,82,82
1BG21EC1267,Student1267,4th Year,7th Sem,C,ECE,67,93,89
1BG21EC1268,Student1268,4th Year,7th Sem,C,ECE,92,90,68
1BG21EC1269,Student1269,4th Year,7th Sem,C,ECE,65,74,84
1BG21EC1270,Student1270,4th Year,7th Sem,C,ECE,60,68,66
1BG21EC1271,Student1271,4th Year,7th Sem,C,ECE,93,81,75
1BG21EC1272,Student1272,4th Year,7th Sem,C,ECE,93,99,50
1BG21EC1273,Student1273,4th Year,7th Sem,C,ECE,51,62,79
1BG21EC1274,Student1274,4th Year,7th Sem,C,ECE,84,84,93
1BG21EE1275,Student1275,4th Year,7th Sem,A,EEE,99,82,86
1BG21EE1276,Student1276,4th Year,7th Sem,A,EEE,75,88,78
1BG21EE1277,Student1277,4th Year,7th Sem,A,EEE,91,55,92
1BG21EE1278,Student1278,4th Year,7th Sem,A,EEE,91,64,85
1BG21EE1279,Student1279,4th Year,7th Sem,A,EEE,59,70,81
1BG21EE1280,Student1280,4th Year,7th Sem,A,EEE,81,96,78
1BG21EE1281,Student1281,4th Year,7th Sem,A,EEE,62,91,50
1BG21EE1282,Student1282,4th Year,7th Sem,A,EEE,79,95,90
1BG21EE1283,Student1283,4th Year,7th Sem,B,EEE,77,62,98
1BG21EE1284,Student1284,4th Year,7th Sem,B,EEE,60,91,89
1BG21EE1285,Student1285,4th Year,7th Sem,B,EEE,60,51,55
1BG21EE1286,Student1286,4th Year,7th Sem,B,EEE,56,65,54
1BG21EE1287,Student1287,4th Year,7th Sem,B,EEE,65,71,97
1BG21EE1288,Student1288,4th Year,7th Sem,B,EEE,63,61,72
1BG21EE1289,Student1289,4th Year,7th Sem,B,EEE,99,71,98
1BG21EE1290,Student1290,4th Year,7th Sem,B,EEE,65,74,79
1BG21EE1291,Student1291,4th Year,7th Sem,B,EEE,77,51,60
1BG21EE1292,Student1292,4th Year,7th Sem,B,EEE,66,66,76
1BG21EE1293,Student1293,4th Year,7th Sem,B,EEE,92,95,92
1BG21EE1294,Student1294,4th Year,7th Sem,B,EEE,67,82,88
1BG21EE1295,Student1295,4th Year,7th Sem,C,EEE,58,69,67
1BG21EE1296,Student1296,4th Year,7th Sem,C,EEE,95,79,92
1BG21EE1297,Student1297,4th Year,7th Sem,C,EEE,97,61,93
1BG21EE1298,Student1298,4th Year,7th Sem,C,EEE,62,88,98
1BG21EE1299,Student1299,4th Year,7th Sem,C,EEE,62,79,92
1BG21EE1300,Student1300,4th Year,7th Sem,C,EEE,70,93,78
1BG21EE1301,Student1301,4th Year,7th Sem,C,EEE,87,57,67
1BG21AI1302,Student1302,4th Year,8th Sem,A,AI,79,95,79
1BG21AI1303,Student1303,4th Year,8th Sem,A,AI,88,63,57
1BG21AI1304,Student1304,4th Year,8th Sem,A,AI,85,57,52
1BG21AI1305,Student1305,4th Year,8th Sem,A,AI,96,68,74
1BG21AI1306,Student1306,4th Year,8th Sem,A,AI,90,68,75
1BG21AI1307,Student1307,4th Year,8th Sem,A,AI,69,72,62
1BG21AI1308,Student1308,4th Year,8th Sem,A,AI,60,50,58
1BG21AI1309,Student1309,4th Year,8th Sem,A,AI,51,97,58
1BG21AI1310,Student1310,4th Year,8th Sem,A,AI,87,71,52
1BG21AI1311,Student1311,4th Year,8th Sem,A,AI,69,77,74
1BG21AI1312,Student1312,4th Year,8th Sem,A,AI,60,84,74
1BG21AI1313,Student1313,4th Year,8th Sem,B,AI,86,71,98
1BG21AI1314,Student1314,4th Year,8th Sem,B,AI,70,68,58
1BG21AI1315,Student1315,4th Year,8th Sem,B,AI,77,82,100
1BG21AI1316,Student1316,4th Year,8th Sem,B,AI,74,58,82
1BG21AI1317,Student1317,4th Year,8th Sem,B,AI,88,52,61
1BG21AI1318,Student1318,4th Year,8th Sem,B,AI,63,75,63
1BG21AI1319,Student1319,4th Year,8th Sem,C,AI,52,84,64
1BG21AI1320,Student1320,4th Year,8th Sem,C,AI,68,78,94
1BG21AI1321,Student1321,4th Year,8th Sem,C,AI,74,97,66
1BG21AI1322,Student1322,4th Year,8th Sem,C,AI,52,63,58
1BG21AI1323,Student1323,4th Year,8th Sem,C,AI,70,90,53
1BG21AI1324,Student1324,4th Year,8th Sem,C,AI,93,70,76
1BG21AI1325,Student1325,4th Year,8th Sem,C,AI,50,95,60
1BG21AI1326,Student1326,4th Year,8th Sem,C,AI,51,55,94
1BG21AI1327,Student1327,4th Year,8th Sem,C,AI,96,97,51
1BG21AI1328,Student1328,4th Year,8th Sem,C,AI,86,62,86
1BG21ME1329,Student1329,4th Year,8th Sem,A,ME,100,72,50
1BG21ME1330,Student1330,4th Year,8th Sem,A,ME,64,62,93
1BG21ME1331,Student1331,4th Year,8th Sem,A,ME,57,85,69
1BG21ME1332,Student1332,4th Year,8th Sem,A,ME,72,88,69
1BG21ME1333,Student1333,4th Year,8th Sem,A,ME,57,84,63
1BG21ME1334,Student1334,4th Year,8th Sem,B,ME,76,82,59
1BG21ME1335,Student1335,4th Year,8th Sem,B,ME,77,91,91
1BG21ME1336,Student1336,4th Year,8th Sem,B,ME,68,80,83
1BG21ME1337,Student1337,4th Year,8th Sem,B,ME,99,80,81
1BG21ME1338,Student1338,4th Year,8th Sem,B,ME,99,79,58
1BG21ME1339,Student1339,4th Year,8th Sem,C,ME,61,93,79
1BG21ME1340,Student1340,4th Year,8th Sem,C,ME,52,80,91
1BG21ME1341,Student1341,4th Year,8th Sem,C,ME,80,91,100
1BG21ME1342,Student1342,4th Year,8th Sem,C,ME,54,74,55
1BG21ME1343,Student1343,4th Year,8th Sem,C,ME,60,72,89
1BG21ME1344,Student1344,4th Year,8th Sem,C,ME,90,53,79
1BG21ME1345,Student1345,4th Year,8th Sem,C,ME,87,93,88
1BG21ME1346,Student1346,4th Year,8th Sem,C,ME,87,75,81
1BG21ME1347,Student1347,4th Year,8th Sem,C,ME,79,62,66
1BG21ME1348,Student1348,4th Year,8th Sem,C,ME,63,70,75
1BG21IS1349,Student1349,4th Year,8th Sem,A,ISE,58,82,85
1BG21IS1350,Student1350,4th Year,8th Sem,A,ISE,90,96,74
1BG21IS1351,Student1351,4th Year,8th Sem,A,ISE,99,78,58
1BG21IS1352,Student1352,4th Year,8th Sem,A,ISE,72,50,69
1BG21IS1353,Student1353,4th Year,8th Sem,A,ISE,100,85,55
1BG21IS1354,Student1354,4th Year,8th Sem,A,ISE,95,83,63
1BG21IS1355,Student1355,4th Year,8th Sem,A,ISE,52,82,89
1BG21IS1356,Student1356,4th Year,8th Sem,B,ISE,65,52,87
1BG21IS1357,Student1357,4th Year,8th Sem,B,ISE,82,67,82
1BG21IS1358,Student1358,4th Year,8th Sem,B,ISE,98,65,84
1BG21IS1359,Student1359,4th Year,8th Sem,B,ISE,99,77,56
1BG21IS1360,Student1360,4th Year,8th Sem,B,ISE,91,73,97
1BG21IS1361,Student1361,4th Year,8th Sem,B,ISE,70,79,94
1BG21IS1362,Student1362,4th Year,8th Sem,B,ISE,52,61,67
1BG21IS1363,Student1363,4th Year,8th Sem,B,ISE,56,97,57
1BG21IS1364,Student1364,4th Year,8th Sem,B,ISE,80,91,94
1BG21IS1365,Student1365,4th Year,8th Sem,B,ISE,50,70,57
1BG21IS1366,Student1366,4th Year,8th Sem,B,ISE,51,78,82
1BG21IS1367,Student1367,4th Year,8th Sem,B,ISE,64,94,68
1BG21IS1368,Student1368,4th Year,8th Sem,B,ISE,66,75,59
1BG21IS1369,Student1369,4th Year,8th Sem,B,ISE,65,99,66
1BG21IS1370,Student1370,4th Year,8th Sem,B,ISE,81,87,80
1BG21IS1371,Student1371,4th Year,8th Sem,C,ISE,75,56,96
1BG21IS1372,Student1372,4th Year,8th Sem,C,ISE,52,69,88
1BG21IS1373,Student1373,4th Year,8th Sem,C,ISE,75,67,92
1BG21IS1374,Student1374,4th Year,8th Sem,C,ISE,89,82,69
1BG21IS1375,Student1375,4th Year,8th Sem,C,ISE,94,68,92
1BG21IS1376,Student1376,4th Year,8th Sem,C,ISE,98,57,65
1BG21IS1377,Student1377,4th Year,8th Sem,C,ISE,91,70,72
1BG21IS1378,Student1378,4th Year,8th Sem,C,ISE,94,52,63
1BG21IS1379,Student1379,4th Year,8th Sem,C,ISE,72,76,69
1BG21IS1380,Student1380,4th Year,8th Sem,C,ISE,68,85,76
1BG21IS1381,Student1381,4th Year,8th Sem,C,ISE,78,61,90
1BG21IS1382,Student1382,4th Year,8th Sem,C,ISE,93,100,59
1BG21IS1383,Student1383,4th Year,8th Sem,C,ISE,83,55,71
1BG21IS1384,Student1384,4th Year,8th Sem,C,ISE,59,77,70
1BG21IS1385,Student1385,4th Year,8th Sem,C,ISE,92,65,65
1BG21CS1386,Student1386,4th Year,8th Sem,A,CSE,51,53,74
1BG21CS1387,Student1387,4th Year,8th Sem,A,CSE,89,56,51
1BG21CS1388,Student1388,4th Year,8th Sem,A,CSE,93,67,76
1BG21CS1389,Student1389,4th Year,8th Sem,A,CSE,50,65,94
1BG21CS1390,Student1390,4th Year,8th Sem,A,CSE,95,79,52
1BG21CS1391,Student1391,4th Year,8th Sem,A,CSE,74,100,80
1BG21CS1392,Student1392,4th Year,8th Sem,A,CSE,77,70,93
1BG21CS1393,Student1393,4th Year,8th Sem,A,CSE,83,52,100
1BG21CS1394,Student1394,4th Year,8th Sem,A,CSE,97,93,92
1BG21CS1395,Student1395,4th Year,8th Sem,A,CSE,86,79,100
1BG21CS1396,Student1396,4th Year,8th Sem,A,CSE,75,56,76
1BG21CS1397,Student1397,4th Year,8th Sem,A,CSE,59,58,78
1BG21CS1398,Student1398,4th Year,8th Sem,B,CSE,73,91,59
1BG21CS1399,Student1399,4th Year,8th Sem,B,CSE,65,55,65
1BG21CS1400,Student1400,4th Year,8th Sem,B,CSE,78,51,89
1BG21CS1401,Student1401,4th Year,8th Sem,B,CSE,99,97,83
1BG21CS1402,Student1402,4th Year,8th Sem,B,CSE,61,76,59
1BG21CS1403,Student1403,4th Year,8th Sem,B,CSE,96,77,50
1BG21CS1404,Student1404,4th Year,8th Sem,B,CSE,71,99,77
1BG21CS1405,Student1405,4th Year,8th Sem,B,CSE,88,96,97
1BG21CS1406,Student1406,4th Year,8th Sem,B,CSE,74,68,78
1BG21CS1407,Student1407,4th Year,8th Sem,B,CSE,85,65,67
1BG21CS1408,Student1408,4th Year,8th Sem,B,CSE,87,74,55
1BG21CS1409,Student1409,4th Year,8th Sem,B,CSE,51,69,63
1BG21CS1410,Student1410,4th Year,8th Sem,B,CSE,82,56,67
1BG21CS1411,Student1411,4th Year,8th Sem,B,CSE,91,80,69
1BG21CS1412,Student1412,4th Year,8th Sem,C,CSE,84,59,76
1BG21CS1413,Student1413,4th Year,8th Sem,C,CSE,96,52,94
1BG21CS1414,Student1414,4th Year,8th Sem,C,CSE,90,78,100
1BG21CS1415,Student1415,4th Year,8th Sem,C,CSE,97,70,50
1BG21CS1416,Student1416,4th Year,8th Sem,C,CSE,63,86,100
1BG21EC1417,Student1417,4th Year,8th Sem,A,ECE,91,83,79
1BG21EC1418,Student1418,4th Year,8th Sem,A,ECE,51,100,61
1BG21EC1419,Student1419,4th Year,8th Sem,A,ECE,90,70,100
1BG21EC1420,Student1420,4th Year,8th Sem,A,ECE,81,95,81
1BG21EC1421,Student1421,4th Year,8th Sem,A,ECE,59,58,79
1BG21EC1422,Student1422,4th Year,8th Sem,A,ECE,90,93,56
1BG21EC1423,Student1423,4th Year,8th Sem,A,ECE,76,53,55
1BG21EC1424,Student1424,4th Year,8th Sem,B,ECE,97,66,97
1BG21EC1425,Student1425,4th Year,8th Sem,B,ECE,72,63,50
1BG21EC1426,Student1426,4th Year,8th Sem,B,ECE,62,71,80
1BG21EC1427,Student1427,4th Year,8th Sem,B,ECE,53,100,70
1BG21EC1428,Student1428,4th Year,8th Sem,B,ECE,50,50,93
1BG21EC1429,Student1429,4th Year,8th Sem,B,ECE,50,71,77
1BG21EC1430,Student1430,4th Year,8th Sem,B,ECE,60,54,99
1BG21EC1431,Student1431,4th Year,8th Sem,B,ECE,77,90,62
1BG21EC1432,Student1432,4th Year,8th Sem,B,ECE,100,69,83
1BG21EC1433,Student1433,4th Year,8th Sem,C,ECE,59,94,81
1BG21EC1434,Student1434,4th Year,8th Sem,C,ECE,66,68,61
1BG21EC1435,Student1435,4th Year,8th Sem,C,ECE,77,73,74
1BG21EC1436,Student1436,4th Year,8th Sem,C,ECE,89,95,87
1BG21EC1437,Student1437,4th Year,8th Sem,C,ECE,90,86,84
1BG21EC1438,Student1438,4th Year,8th Sem,C,ECE,92,80,60
1BG21EC1439,Student1439,4th Year,8th Sem,C,ECE,51,77,67
1BG21EC1440,Student1440,4th Year,8th Sem,C,ECE,65,83,52
1BG21EC1441,Student1441,4th Year,8th Sem,C,ECE,59,82,55
1BG21EE1442,Student1442,4th Year,8th Sem,A,EEE,76,50,68
1BG21EE1443,Student1443,4th Year,8th Sem,A,EEE,56,80,55
1BG21EE1444,Student1444,4th Year,8th Sem,A,EEE,99,96,84
1BG21EE1445,Student1445,4th Year,8th Sem,A,EEE,90,69,84
1BG21EE1446,Student1446,4th Year,8th Sem,A,EEE,86,99,71
1BG21EE1447,Student1447,4th Year,8th Sem,A,EEE,91,76,63
1BG21EE1448,Student1448,4th Year,8th Sem,A,EEE,82,64,86
1BG21EE1449,Student1449,4th Year,8th Sem,A,EEE,88,88,66
1BG21EE1450,Student1450,4th Year,8th Sem,A,EEE,57,60,75
1BG21EE1451,Student1451,4th Year,8th Sem,A,EEE,95,65,55
1BG21EE1452,Student1452,4th Year,8th Sem,A,EEE,76,59,87
1BG21EE1453,Student1453,4th Year,8th Sem,B,EEE,89,53,77
1BG21EE1454,Student1454,4th Year,8th Sem,B,EEE,71,89,87
1BG21EE1455,Student1455,4th Year,8th Sem,B,EEE,76,91,81
1BG21EE1456,Student1456,4th Year,8th Sem,B,EEE,70,89,89
1BG21EE1457,Student1457,4th Year,8th Sem,B,EEE,78,83,74
1BG21EE1458,Student1458,4th Year,8th Sem,B,EEE,75,91,96
1BG21EE1459,Student1459,4th Year,8th Sem,B,EEE,84,94,93
1BG21EE1460,Student1460,4th Year,8th Sem,B,EEE,71,79,58
1BG21EE1461,Student1461,4th Year,8th Sem,B,EEE,87,99,70
1BG21EE1462,Student1462,4th Year,8th Sem,B,EEE,79,98,77
1BG21EE1463,Student1463,4th Year,8th Sem,B,EEE,59,74,79
1BG21EE1464,Student1464,4th Year,8th Sem,B,EEE,92,65,54
1BG21EE1465,Student1465,4th Year,8th Sem,B,EEE,95,68,94
1BG21EE1466,Student1466,4th Year,8th Sem,B,EEE,93,85,80
1BG21EE1467,Student1467,4th Year,8th Sem,C,EEE,71,52,57
1BG21EE1468,Student1468,4th Year,8th Sem,C,EEE,83,76,85
1BG21EE1469,Student1469,4th Year,8th Sem,C,EEE,71,60,64
1BG21EE1470,Student1470,4th Year,8th Sem,C,EEE,73,93,88
1BG21EE1471,Student1471,4th Year,8th Sem,C,EEE,94,63,93
1BG21EE1472,Student1472,4th Year,8th Sem,C,EEE,87,73,81
1BG21EE1473,Student1473,4th Year,8th Sem,C,EEE,78,69,76
1BG21EE1474,Student1474,4th Year,8th Sem,C,EEE,51,60,100
1BG21EE1475,Student1475,4th Year,8th Sem,C,EEE,55,58,76
1BG21EE1476,Student1476,4th Year,8th Sem,C,EEE,50,94,63
1BG21EE1477,Student1477,4th Year,8th Sem,C,EEE,65,61,81
1BG21EE1478,Student1478,4th Year,8th Sem,C,EEE,79,60,56
1BG21EE1479,Student1479,4th Year,8th Sem,C,EEE,98,51,71
1BG21EE1480,Student1480,4th Year,8th Sem,C,EEE,84,83,62
1BG21EE1481,Student1481,4th Year,8th Sem,C,EEE,97,67,71
